,Countries and areas,Year,Indicator,Value
0,Afghanistan,1990,Under-five mortality rate,178
1,Albania,1990,Under-five mortality rate,41
2,Algeria,1990,Under-five mortality rate,52
3,Andorra,1990,Under-five mortality rate,13
4,Angola,1990,Under-five mortality rate,224
5,Anguilla,1990,Under-five mortality rate,17
6,Antigua and Barbuda,1990,Under-five mortality rate,14
7,Argentina,1990,Under-five mortality rate,29
8,Armenia,1990,Under-five mortality rate,49
9,Australia,1990,Under-five mortality rate,9
10,Austria,1990,Under-five mortality rate,10
11,Azerbaijan,1990,Under-five mortality rate,95
12,Bahamas,1990,Under-five mortality rate,23
13,Bahrain,1990,Under-five mortality rate,23
14,Bangladesh,1990,Under-five mortality rate,146
15,Barbados,1990,Under-five mortality rate,18
16,Belarus,1990,Under-five mortality rate,15
17,Belgium,1990,Under-five mortality rate,10
18,Belize,1990,Under-five mortality rate,38
19,Benin,1990,Under-five mortality rate,173
20,Bhutan,1990,Under-five mortality rate,127
21,Bolivia (Plurinational State of),1990,Under-five mortality rate,121
22,Bosnia and Herzegovina,1990,Under-five mortality rate,18
23,Botswana,1990,Under-five mortality rate,45
24,Brazil,1990,Under-five mortality rate,63
25,British Virgin Islands,1990,Under-five mortality rate,19
26,Brunei Darussalam,1990,Under-five mortality rate,13
27,Bulgaria,1990,Under-five mortality rate,18
28,Burkina Faso,1990,Under-five mortality rate,199
29,Burundi,1990,Under-five mortality rate,170
30,Cabo Verde,1990,Under-five mortality rate,60
31,Cambodia,1990,Under-five mortality rate,116
32,Cameroon,1990,Under-five mortality rate,136
33,Canada,1990,Under-five mortality rate,8
34,Central African Republic,1990,Under-five mortality rate,177
35,Chad,1990,Under-five mortality rate,212
36,Chile,1990,Under-five mortality rate,19
37,China,1990,Under-five mortality rate,54
38,Colombia,1990,Under-five mortality rate,36
39,Comoros,1990,Under-five mortality rate,126
40,Congo,1990,Under-five mortality rate,91
41,Cook Islands,1990,Under-five mortality rate,24
42,Costa Rica,1990,Under-five mortality rate,17
43,Cte d'Ivoire,1990,Under-five mortality rate,153
44,Croatia,1990,Under-five mortality rate,13
45,Cuba,1990,Under-five mortality rate,14
46,Cyprus,1990,Under-five mortality rate,11
47,Czechia,1990,Under-five mortality rate,12
48,Democratic People's Republic of Korea,1990,Under-five mortality rate,43
49,Democratic Republic of the Congo,1990,Under-five mortality rate,186
50,Denmark,1990,Under-five mortality rate,9
51,Djibouti,1990,Under-five mortality rate,118
52,Dominica,1990,Under-five mortality rate,16
53,Dominican Republic,1990,Under-five mortality rate,60
54,Ecuador,1990,Under-five mortality rate,54
55,Egypt,1990,Under-five mortality rate,86
56,El Salvador,1990,Under-five mortality rate,60
57,Equatorial Guinea,1990,Under-five mortality rate,179
58,Eritrea,1990,Under-five mortality rate,153
59,Estonia,1990,Under-five mortality rate,18
60,Eswatini,1990,Under-five mortality rate,68
61,Ethiopia,1990,Under-five mortality rate,201
62,Fiji,1990,Under-five mortality rate,29
63,Finland,1990,Under-five mortality rate,7
64,France,1990,Under-five mortality rate,9
65,Gabon,1990,Under-five mortality rate,92
66,Gambia,1990,Under-five mortality rate,167
67,Georgia,1990,Under-five mortality rate,48
68,Germany,1990,Under-five mortality rate,9
69,Ghana,1990,Under-five mortality rate,128
70,Greece,1990,Under-five mortality rate,10
71,Grenada,1990,Under-five mortality rate,22
72,Guatemala,1990,Under-five mortality rate,80
73,Guinea,1990,Under-five mortality rate,233
74,Guinea-Bissau,1990,Under-five mortality rate,223
75,Guyana,1990,Under-five mortality rate,61
76,Haiti,1990,Under-five mortality rate,145
77,Holy See,1990,Under-five mortality rate,0
78,Honduras,1990,Under-five mortality rate,58
79,Hungary,1990,Under-five mortality rate,17
80,Iceland,1990,Under-five mortality rate,6
81,India,1990,Under-five mortality rate,127
82,Indonesia,1990,Under-five mortality rate,84
83,Iran (Islamic Republic of),1990,Under-five mortality rate,57
84,Iraq,1990,Under-five mortality rate,54
85,Ireland,1990,Under-five mortality rate,9
86,Israel,1990,Under-five mortality rate,12
87,Italy,1990,Under-five mortality rate,10
88,Jamaica,1990,Under-five mortality rate,28
89,Japan,1990,Under-five mortality rate,6
90,Jordan,1990,Under-five mortality rate,36
91,Kazakhstan,1990,Under-five mortality rate,52
92,Kenya,1990,Under-five mortality rate,102
93,Kiribati,1990,Under-five mortality rate,92
94,Kuwait,1990,Under-five mortality rate,18
95,Kyrgyzstan,1990,Under-five mortality rate,65
96,Lao People's Democratic Republic,1990,Under-five mortality rate,154
97,Latvia,1990,Under-five mortality rate,17
98,Lebanon,1990,Under-five mortality rate,32
99,Lesotho,1990,Under-five mortality rate,84
100,Liberia,1990,Under-five mortality rate,264
101,Libya,1990,Under-five mortality rate,42
102,Liechtenstein,1990,Under-five mortality rate,0
103,Lithuania,1990,Under-five mortality rate,15
104,Luxembourg,1990,Under-five mortality rate,9
105,Madagascar,1990,Under-five mortality rate,156
106,Malawi,1990,Under-five mortality rate,245
107,Malaysia,1990,Under-five mortality rate,17
108,Maldives,1990,Under-five mortality rate,86
109,Mali,1990,Under-five mortality rate,231
110,Malta,1990,Under-five mortality rate,11
111,Marshall Islands,1990,Under-five mortality rate,47
112,Mauritania,1990,Under-five mortality rate,117
113,Mauritius,1990,Under-five mortality rate,23
114,Mexico,1990,Under-five mortality rate,45
115,Micronesia (Federated States of),1990,Under-five mortality rate,49
116,Monaco,1990,Under-five mortality rate,8
117,Mongolia,1990,Under-five mortality rate,107
118,Montenegro,1990,Under-five mortality rate,16
119,Montserrat,1990,Under-five mortality rate,17
120,Morocco,1990,Under-five mortality rate,81
121,Mozambique,1990,Under-five mortality rate,246
122,Myanmar,1990,Under-five mortality rate,115
123,Namibia,1990,Under-five mortality rate,73
124,Nauru,1990,Under-five mortality rate,67
125,Nepal,1990,Under-five mortality rate,139
126,Netherlands,1990,Under-five mortality rate,8
127,New Zealand,1990,Under-five mortality rate,11
128,Nicaragua,1990,Under-five mortality rate,67
129,Niger,1990,Under-five mortality rate,332
130,Nigeria,1990,Under-five mortality rate,209
131,Niue,1990,Under-five mortality rate,25
132,North Macedonia,1990,Under-five mortality rate,37
133,Norway,1990,Under-five mortality rate,9
134,Oman,1990,Under-five mortality rate,39
135,Pakistan,1990,Under-five mortality rate,140
136,Palau,1990,Under-five mortality rate,35
137,Panama,1990,Under-five mortality rate,31
138,Papua New Guinea,1990,Under-five mortality rate,85
139,Paraguay,1990,Under-five mortality rate,46
140,Peru,1990,Under-five mortality rate,80
141,Philippines,1990,Under-five mortality rate,57
142,Poland,1990,Under-five mortality rate,17
143,Portugal,1990,Under-five mortality rate,15
144,Qatar,1990,Under-five mortality rate,21
145,Republic of Korea,1990,Under-five mortality rate,16
146,Republic of Moldova,1990,Under-five mortality rate,33
147,Romania,1990,Under-five mortality rate,31
148,Russian Federation,1990,Under-five mortality rate,22
149,Rwanda,1990,Under-five mortality rate,150
150,Saint Kitts and Nevis,1990,Under-five mortality rate,30
151,Saint Lucia,1990,Under-five mortality rate,22
152,Saint Vincent and the Grenadines,1990,Under-five mortality rate,24
153,Samoa,1990,Under-five mortality rate,30
154,San Marino,1990,Under-five mortality rate,14
155,Sao Tome and Principe,1990,Under-five mortality rate,109
156,Saudi Arabia,1990,Under-five mortality rate,44
157,Senegal,1990,Under-five mortality rate,139
158,Serbia,1990,Under-five mortality rate,28
159,Seychelles,1990,Under-five mortality rate,16
160,Sierra Leone,1990,Under-five mortality rate,261
161,Singapore,1990,Under-five mortality rate,8
162,Slovakia,1990,Under-five mortality rate,15
163,Slovenia,1990,Under-five mortality rate,10
164,Solomon Islands,1990,Under-five mortality rate,38
165,Somalia,1990,Under-five mortality rate,180
166,South Africa,1990,Under-five mortality rate,62
167,South Sudan,1990,Under-five mortality rate,251
168,Spain,1990,Under-five mortality rate,9
169,Sri Lanka,1990,Under-five mortality rate,23
170,State of Palestine,1990,Under-five mortality rate,45
171,Sudan,1990,Under-five mortality rate,132
172,Suriname,1990,Under-five mortality rate,45
173,Sweden,1990,Under-five mortality rate,7
174,Switzerland,1990,Under-five mortality rate,8
175,Syrian Arab Republic,1990,Under-five mortality rate,37
176,Tajikistan,1990,Under-five mortality rate,103
177,Thailand,1990,Under-five mortality rate,37
178,Timor-Leste,1990,Under-five mortality rate,176
179,Togo,1990,Under-five mortality rate,148
180,Tokelau,1990,Under-five mortality rate,0
181,Tonga,1990,Under-five mortality rate,22
182,Trinidad and Tobago,1990,Under-five mortality rate,30
183,Tunisia,1990,Under-five mortality rate,55
184,Trkiye,1990,Under-five mortality rate,74
185,Turkmenistan,1990,Under-five mortality rate,79
186,Turks and Caicos Islands,1990,Under-five mortality rate,14
187,Tuvalu,1990,Under-five mortality rate,53
188,Uganda,1990,Under-five mortality rate,183
189,Ukraine,1990,Under-five mortality rate,19
190,United Arab Emirates,1990,Under-five mortality rate,17
191,United Kingdom,1990,Under-five mortality rate,9
192,United Republic of Tanzania,1990,Under-five mortality rate,167
193,United States,1990,Under-five mortality rate,11
194,Uruguay,1990,Under-five mortality rate,23
195,Uzbekistan,1990,Under-five mortality rate,70
196,Vanuatu,1990,Under-five mortality rate,36
197,Venezuela (Bolivarian Republic of),1990,Under-five mortality rate,30
198,Viet Nam,1990,Under-five mortality rate,52
199,Yemen,1990,Under-five mortality rate,126
200,Zambia,1990,Under-five mortality rate,182
201,Zimbabwe,1990,Under-five mortality rate,80
202,Afghanistan,2000,Under-five mortality rate,129
203,Albania,2000,Under-five mortality rate,27
204,Algeria,2000,Under-five mortality rate,42
205,Andorra,2000,Under-five mortality rate,8
206,Angola,2000,Under-five mortality rate,205
207,Anguilla,2000,Under-five mortality rate,10
208,Antigua and Barbuda,2000,Under-five mortality rate,16
209,Argentina,2000,Under-five mortality rate,20
210,Armenia,2000,Under-five mortality rate,31
211,Australia,2000,Under-five mortality rate,6
212,Austria,2000,Under-five mortality rate,6
213,Azerbaijan,2000,Under-five mortality rate,75
214,Bahamas,2000,Under-five mortality rate,16
215,Bahrain,2000,Under-five mortality rate,12
216,Bangladesh,2000,Under-five mortality rate,86
217,Barbados,2000,Under-five mortality rate,15
218,Belarus,2000,Under-five mortality rate,13
219,Belgium,2000,Under-five mortality rate,6
220,Belize,2000,Under-five mortality rate,24
221,Benin,2000,Under-five mortality rate,137
222,Bhutan,2000,Under-five mortality rate,77
223,Bolivia (Plurinational State of),2000,Under-five mortality rate,76
224,Bosnia and Herzegovina,2000,Under-five mortality rate,10
225,Botswana,2000,Under-five mortality rate,74
226,Brazil,2000,Under-five mortality rate,35
227,British Virgin Islands,2000,Under-five mortality rate,16
228,Brunei Darussalam,2000,Under-five mortality rate,10
229,Bulgaria,2000,Under-five mortality rate,17
230,Burkina Faso,2000,Under-five mortality rate,179
231,Burundi,2000,Under-five mortality rate,155
232,Cabo Verde,2000,Under-five mortality rate,38
233,Cambodia,2000,Under-five mortality rate,106
234,Cameroon,2000,Under-five mortality rate,144
235,Canada,2000,Under-five mortality rate,6
236,Central African Republic,2000,Under-five mortality rate,166
237,Chad,2000,Under-five mortality rate,184
238,Chile,2000,Under-five mortality rate,11
239,China,2000,Under-five mortality rate,37
240,Colombia,2000,Under-five mortality rate,25
241,Comoros,2000,Under-five mortality rate,96
242,Congo,2000,Under-five mortality rate,114
243,Cook Islands,2000,Under-five mortality rate,18
244,Costa Rica,2000,Under-five mortality rate,13
245,Cte d'Ivoire,2000,Under-five mortality rate,143
246,Croatia,2000,Under-five mortality rate,8
247,Cuba,2000,Under-five mortality rate,9
248,Cyprus,2000,Under-five mortality rate,7
249,Czechia,2000,Under-five mortality rate,5
250,Democratic People's Republic of Korea,2000,Under-five mortality rate,60
251,Democratic Republic of the Congo,2000,Under-five mortality rate,160
252,Denmark,2000,Under-five mortality rate,6
253,Djibouti,2000,Under-five mortality rate,101
254,Dominica,2000,Under-five mortality rate,17
255,Dominican Republic,2000,Under-five mortality rate,40
256,Ecuador,2000,Under-five mortality rate,30
257,Egypt,2000,Under-five mortality rate,47
258,El Salvador,2000,Under-five mortality rate,33
259,Equatorial Guinea,2000,Under-five mortality rate,156
260,Eritrea,2000,Under-five mortality rate,85
261,Estonia,2000,Under-five mortality rate,11
262,Eswatini,2000,Under-five mortality rate,112
263,Ethiopia,2000,Under-five mortality rate,140
264,Fiji,2000,Under-five mortality rate,23
265,Finland,2000,Under-five mortality rate,4
266,France,2000,Under-five mortality rate,5
267,Gabon,2000,Under-five mortality rate,84
268,Gambia,2000,Under-five mortality rate,114
269,Georgia,2000,Under-five mortality rate,37
270,Germany,2000,Under-five mortality rate,5
271,Ghana,2000,Under-five mortality rate,100
272,Greece,2000,Under-five mortality rate,6
273,Grenada,2000,Under-five mortality rate,15
274,Guatemala,2000,Under-five mortality rate,52
275,Guinea,2000,Under-five mortality rate,166
276,Guinea-Bissau,2000,Under-five mortality rate,174
277,Guyana,2000,Under-five mortality rate,47
278,Haiti,2000,Under-five mortality rate,104
279,Holy See,2000,Under-five mortality rate,0
280,Honduras,2000,Under-five mortality rate,37
281,Hungary,2000,Under-five mortality rate,10
282,Iceland,2000,Under-five mortality rate,4
283,India,2000,Under-five mortality rate,92
284,Indonesia,2000,Under-five mortality rate,52
285,Iran (Islamic Republic of),2000,Under-five mortality rate,36
286,Iraq,2000,Under-five mortality rate,44
287,Ireland,2000,Under-five mortality rate,7
288,Israel,2000,Under-five mortality rate,7
289,Italy,2000,Under-five mortality rate,6
290,Jamaica,2000,Under-five mortality rate,21
291,Japan,2000,Under-five mortality rate,5
292,Jordan,2000,Under-five mortality rate,27
293,Kazakhstan,2000,Under-five mortality rate,43
294,Kenya,2000,Under-five mortality rate,99
295,Kiribati,2000,Under-five mortality rate,68
296,Kuwait,2000,Under-five mortality rate,13
297,Kyrgyzstan,2000,Under-five mortality rate,50
298,Lao People's Democratic Republic,2000,Under-five mortality rate,107
299,Latvia,2000,Under-five mortality rate,14
300,Lebanon,2000,Under-five mortality rate,20
301,Lesotho,2000,Under-five mortality rate,107
302,Liberia,2000,Under-five mortality rate,189
303,Libya,2000,Under-five mortality rate,28
304,Liechtenstein,2000,Under-five mortality rate,0
305,Lithuania,2000,Under-five mortality rate,11
306,Luxembourg,2000,Under-five mortality rate,5
307,Madagascar,2000,Under-five mortality rate,105
308,Malawi,2000,Under-five mortality rate,174
309,Malaysia,2000,Under-five mortality rate,10
310,Maldives,2000,Under-five mortality rate,39
311,Mali,2000,Under-five mortality rate,188
312,Malta,2000,Under-five mortality rate,8
313,Marshall Islands,2000,Under-five mortality rate,42
314,Mauritania,2000,Under-five mortality rate,99
315,Mauritius,2000,Under-five mortality rate,19
316,Mexico,2000,Under-five mortality rate,28
317,Micronesia (Federated States of),2000,Under-five mortality rate,38
318,Monaco,2000,Under-five mortality rate,5
319,Mongolia,2000,Under-five mortality rate,64
320,Montenegro,2000,Under-five mortality rate,14
321,Montserrat,2000,Under-five mortality rate,11
322,Morocco,2000,Under-five mortality rate,52
323,Mozambique,2000,Under-five mortality rate,171
324,Myanmar,2000,Under-five mortality rate,89
325,Namibia,2000,Under-five mortality rate,77
326,Nauru,2000,Under-five mortality rate,43
327,Nepal,2000,Under-five mortality rate,79
328,Netherlands,2000,Under-five mortality rate,6
329,New Zealand,2000,Under-five mortality rate,7
330,Nicaragua,2000,Under-five mortality rate,39
331,Niger,2000,Under-five mortality rate,229
332,Nigeria,2000,Under-five mortality rate,182
333,Niue,2000,Under-five mortality rate,32
334,North Macedonia,2000,Under-five mortality rate,16
335,Norway,2000,Under-five mortality rate,5
336,Oman,2000,Under-five mortality rate,16
337,Pakistan,2000,Under-five mortality rate,108
338,Palau,2000,Under-five mortality rate,28
339,Panama,2000,Under-five mortality rate,26
340,Papua New Guinea,2000,Under-five mortality rate,71
341,Paraguay,2000,Under-five mortality rate,34
342,Peru,2000,Under-five mortality rate,38
343,Philippines,2000,Under-five mortality rate,38
344,Poland,2000,Under-five mortality rate,9
345,Portugal,2000,Under-five mortality rate,7
346,Qatar,2000,Under-five mortality rate,12
347,Republic of Korea,2000,Under-five mortality rate,8
348,Republic of Moldova,2000,Under-five mortality rate,31
349,Romania,2000,Under-five mortality rate,21
350,Russian Federation,2000,Under-five mortality rate,19
351,Rwanda,2000,Under-five mortality rate,185
352,Saint Kitts and Nevis,2000,Under-five mortality rate,24
353,Saint Lucia,2000,Under-five mortality rate,18
354,Saint Vincent and the Grenadines,2000,Under-five mortality rate,22
355,Samoa,2000,Under-five mortality rate,21
356,San Marino,2000,Under-five mortality rate,6
357,Sao Tome and Principe,2000,Under-five mortality rate,82
358,Saudi Arabia,2000,Under-five mortality rate,22
359,Senegal,2000,Under-five mortality rate,130
360,Serbia,2000,Under-five mortality rate,13
361,Seychelles,2000,Under-five mortality rate,14
362,Sierra Leone,2000,Under-five mortality rate,226
363,Singapore,2000,Under-five mortality rate,4
364,Slovakia,2000,Under-five mortality rate,10
365,Slovenia,2000,Under-five mortality rate,5
366,Solomon Islands,2000,Under-five mortality rate,31
367,Somalia,2000,Under-five mortality rate,173
368,South Africa,2000,Under-five mortality rate,71
369,South Sudan,2000,Under-five mortality rate,182
370,Spain,2000,Under-five mortality rate,5
371,Sri Lanka,2000,Under-five mortality rate,17
372,State of Palestine,2000,Under-five mortality rate,30
373,Sudan,2000,Under-five mortality rate,104
374,Suriname,2000,Under-five mortality rate,31
375,Sweden,2000,Under-five mortality rate,4
376,Switzerland,2000,Under-five mortality rate,6
377,Syrian Arab Republic,2000,Under-five mortality rate,23
378,Tajikistan,2000,Under-five mortality rate,84
379,Thailand,2000,Under-five mortality rate,22
380,Timor-Leste,2000,Under-five mortality rate,111
381,Togo,2000,Under-five mortality rate,120
382,Tokelau,2000,Under-five mortality rate,0
383,Tonga,2000,Under-five mortality rate,17
384,Trinidad and Tobago,2000,Under-five mortality rate,28
385,Tunisia,2000,Under-five mortality rate,30
386,Trkiye,2000,Under-five mortality rate,38
387,Turkmenistan,2000,Under-five mortality rate,70
388,Turks and Caicos Islands,2000,Under-five mortality rate,9
389,Tuvalu,2000,Under-five mortality rate,42
390,Uganda,2000,Under-five mortality rate,146
391,Ukraine,2000,Under-five mortality rate,18
392,United Arab Emirates,2000,Under-five mortality rate,11
393,United Kingdom,2000,Under-five mortality rate,7
394,United Republic of Tanzania,2000,Under-five mortality rate,130
395,United States,2000,Under-five mortality rate,8
396,Uruguay,2000,Under-five mortality rate,17
397,Uzbekistan,2000,Under-five mortality rate,61
398,Vanuatu,2000,Under-five mortality rate,29
399,Venezuela (Bolivarian Republic of),2000,Under-five mortality rate,22
400,Viet Nam,2000,Under-five mortality rate,30
401,Yemen,2000,Under-five mortality rate,95
402,Zambia,2000,Under-five mortality rate,156
403,Zimbabwe,2000,Under-five mortality rate,96
404,Afghanistan,2021,Under-five mortality rate,56
405,Albania,2021,Under-five mortality rate,9
406,Algeria,2021,Under-five mortality rate,22
407,Andorra,2021,Under-five mortality rate,3
408,Angola,2021,Under-five mortality rate,69
409,Anguilla,2021,Under-five mortality rate,4
410,Antigua and Barbuda,2021,Under-five mortality rate,6
411,Argentina,2021,Under-five mortality rate,7
412,Armenia,2021,Under-five mortality rate,11
413,Australia,2021,Under-five mortality rate,4
414,Austria,2021,Under-five mortality rate,4
415,Azerbaijan,2021,Under-five mortality rate,19
416,Bahamas,2021,Under-five mortality rate,13
417,Bahrain,2021,Under-five mortality rate,7
418,Bangladesh,2021,Under-five mortality rate,27
419,Barbados,2021,Under-five mortality rate,12
420,Belarus,2021,Under-five mortality rate,3
421,Belgium,2021,Under-five mortality rate,4
422,Belize,2021,Under-five mortality rate,11
423,Benin,2021,Under-five mortality rate,84
424,Bhutan,2021,Under-five mortality rate,27
425,Bolivia (Plurinational State of),2021,Under-five mortality rate,25
426,Bosnia and Herzegovina,2021,Under-five mortality rate,6
427,Botswana,2021,Under-five mortality rate,35
428,Brazil,2021,Under-five mortality rate,14
429,British Virgin Islands,2021,Under-five mortality rate,10
430,Brunei Darussalam,2021,Under-five mortality rate,11
431,Bulgaria,2021,Under-five mortality rate,6
432,Burkina Faso,2021,Under-five mortality rate,83
433,Burundi,2021,Under-five mortality rate,53
434,Cabo Verde,2021,Under-five mortality rate,14
435,Cambodia,2021,Under-five mortality rate,25
436,Cameroon,2021,Under-five mortality rate,70
437,Canada,2021,Under-five mortality rate,5
438,Central African Republic,2021,Under-five mortality rate,100
439,Chad,2021,Under-five mortality rate,107
440,Chile,2021,Under-five mortality rate,7
441,China,2021,Under-five mortality rate,7
442,Colombia,2021,Under-five mortality rate,13
443,Comoros,2021,Under-five mortality rate,50
444,Congo,2021,Under-five mortality rate,43
445,Cook Islands,2021,Under-five mortality rate,7
446,Costa Rica,2021,Under-five mortality rate,8
447,Cte d'Ivoire,2021,Under-five mortality rate,75
448,Croatia,2021,Under-five mortality rate,5
449,Cuba,2021,Under-five mortality rate,5
450,Cyprus,2021,Under-five mortality rate,3
451,Czechia,2021,Under-five mortality rate,3
452,Democratic People's Republic of Korea,2021,Under-five mortality rate,15
453,Democratic Republic of the Congo,2021,Under-five mortality rate,79
454,Denmark,2021,Under-five mortality rate,4
455,Djibouti,2021,Under-five mortality rate,54
456,Dominica,2021,Under-five mortality rate,36
457,Dominican Republic,2021,Under-five mortality rate,33
458,Ecuador,2021,Under-five mortality rate,12
459,Egypt,2021,Under-five mortality rate,19
460,El Salvador,2021,Under-five mortality rate,12
461,Equatorial Guinea,2021,Under-five mortality rate,77
462,Eritrea,2021,Under-five mortality rate,38
463,Estonia,2021,Under-five mortality rate,2
464,Eswatini,2021,Under-five mortality rate,53
465,Ethiopia,2021,Under-five mortality rate,47
466,Fiji,2021,Under-five mortality rate,28
467,Finland,2021,Under-five mortality rate,2
468,France,2021,Under-five mortality rate,4
469,Gabon,2021,Under-five mortality rate,40
470,Gambia,2021,Under-five mortality rate,48
471,Georgia,2021,Under-five mortality rate,9
472,Germany,2021,Under-five mortality rate,4
473,Ghana,2021,Under-five mortality rate,44
474,Greece,2021,Under-five mortality rate,4
475,Grenada,2021,Under-five mortality rate,16
476,Guatemala,2021,Under-five mortality rate,23
477,Guinea,2021,Under-five mortality rate,99
478,Guinea-Bissau,2021,Under-five mortality rate,74
479,Guyana,2021,Under-five mortality rate,28
480,Haiti,2021,Under-five mortality rate,59
481,Holy See,2021,Under-five mortality rate,0
482,Honduras,2021,Under-five mortality rate,17
483,Hungary,2021,Under-five mortality rate,4
484,Iceland,2021,Under-five mortality rate,3
485,India,2021,Under-five mortality rate,31
486,Indonesia,2021,Under-five mortality rate,22
487,Iran (Islamic Republic of),2021,Under-five mortality rate,13
488,Iraq,2021,Under-five mortality rate,25
489,Ireland,2021,Under-five mortality rate,3
490,Israel,2021,Under-five mortality rate,3
491,Italy,2021,Under-five mortality rate,3
492,Jamaica,2021,Under-five mortality rate,12
493,Japan,2021,Under-five mortality rate,2
494,Jordan,2021,Under-five mortality rate,15
495,Kazakhstan,2021,Under-five mortality rate,10
496,Kenya,2021,Under-five mortality rate,37
497,Kiribati,2021,Under-five mortality rate,48
498,Kuwait,2021,Under-five mortality rate,9
499,Kyrgyzstan,2021,Under-five mortality rate,17
500,Lao People's Democratic Republic,2021,Under-five mortality rate,43
501,Latvia,2021,Under-five mortality rate,4
502,Lebanon,2021,Under-five mortality rate,8
503,Lesotho,2021,Under-five mortality rate,73
504,Liberia,2021,Under-five mortality rate,76
505,Libya,2021,Under-five mortality rate,11
506,Liechtenstein,2021,Under-five mortality rate,0
507,Lithuania,2021,Under-five mortality rate,3
508,Luxembourg,2021,Under-five mortality rate,3
509,Madagascar,2021,Under-five mortality rate,66
510,Malawi,2021,Under-five mortality rate,42
511,Malaysia,2021,Under-five mortality rate,8
512,Maldives,2021,Under-five mortality rate,6
513,Mali,2021,Under-five mortality rate,97
514,Malta,2021,Under-five mortality rate,6
515,Marshall Islands,2021,Under-five mortality rate,30
516,Mauritania,2021,Under-five mortality rate,40
517,Mauritius,2021,Under-five mortality rate,17
518,Mexico,2021,Under-five mortality rate,13
519,Micronesia (Federated States of),2021,Under-five mortality rate,25
520,Monaco,2021,Under-five mortality rate,3
521,Mongolia,2021,Under-five mortality rate,15
522,Montenegro,2021,Under-five mortality rate,2
523,Montserrat,2021,Under-five mortality rate,5
524,Morocco,2021,Under-five mortality rate,18
525,Mozambique,2021,Under-five mortality rate,70
526,Myanmar,2021,Under-five mortality rate,42
527,Namibia,2021,Under-five mortality rate,39
528,Nauru,2021,Under-five mortality rate,28
529,Nepal,2021,Under-five mortality rate,27
530,Netherlands,2021,Under-five mortality rate,4
531,New Zealand,2021,Under-five mortality rate,5
532,Nicaragua,2021,Under-five mortality rate,13
533,Niger,2021,Under-five mortality rate,115
534,Nigeria,2021,Under-five mortality rate,111
535,Niue,2021,Under-five mortality rate,24
536,North Macedonia,2021,Under-five mortality rate,5
537,Norway,2021,Under-five mortality rate,2
538,Oman,2021,Under-five mortality rate,10
539,Pakistan,2021,Under-five mortality rate,63
540,Palau,2021,Under-five mortality rate,16
541,Panama,2021,Under-five mortality rate,14
542,Papua New Guinea,2021,Under-five mortality rate,43
543,Paraguay,2021,Under-five mortality rate,18
544,Peru,2021,Under-five mortality rate,14
545,Philippines,2021,Under-five mortality rate,26
546,Poland,2021,Under-five mortality rate,4
547,Portugal,2021,Under-five mortality rate,3
548,Qatar,2021,Under-five mortality rate,5
549,Republic of Korea,2021,Under-five mortality rate,3
550,Republic of Moldova,2021,Under-five mortality rate,14
551,Romania,2021,Under-five mortality rate,6
552,Russian Federation,2021,Under-five mortality rate,5
553,Rwanda,2021,Under-five mortality rate,39
554,Saint Kitts and Nevis,2021,Under-five mortality rate,15
555,Saint Lucia,2021,Under-five mortality rate,25
556,Saint Vincent and the Grenadines,2021,Under-five mortality rate,14
557,Samoa,2021,Under-five mortality rate,17
558,San Marino,2021,Under-five mortality rate,2
559,Sao Tome and Principe,2021,Under-five mortality rate,15
560,Saudi Arabia,2021,Under-five mortality rate,7
561,Senegal,2021,Under-five mortality rate,39
562,Serbia,2021,Under-five mortality rate,5
563,Seychelles,2021,Under-five mortality rate,14
564,Sierra Leone,2021,Under-five mortality rate,105
565,Singapore,2021,Under-five mortality rate,2
566,Slovakia,2021,Under-five mortality rate,6
567,Slovenia,2021,Under-five mortality rate,2
568,Solomon Islands,2021,Under-five mortality rate,19
569,Somalia,2021,Under-five mortality rate,112
570,South Africa,2021,Under-five mortality rate,33
571,South Sudan,2021,Under-five mortality rate,99
572,Spain,2021,Under-five mortality rate,3
573,Sri Lanka,2021,Under-five mortality rate,7
574,State of Palestine,2021,Under-five mortality rate,15
575,Sudan,2021,Under-five mortality rate,55
576,Suriname,2021,Under-five mortality rate,17
577,Sweden,2021,Under-five mortality rate,2
578,Switzerland,2021,Under-five mortality rate,4
579,Syrian Arab Republic,2021,Under-five mortality rate,22
580,Tajikistan,2021,Under-five mortality rate,31
581,Thailand,2021,Under-five mortality rate,8
582,Timor-Leste,2021,Under-five mortality rate,51
583,Togo,2021,Under-five mortality rate,63
584,Tokelau,2021,Under-five mortality rate,0
585,Tonga,2021,Under-five mortality rate,11
586,Trinidad and Tobago,2021,Under-five mortality rate,16
587,Tunisia,2021,Under-five mortality rate,16
588,Trkiye,2021,Under-five mortality rate,9
589,Turkmenistan,2021,Under-five mortality rate,41
590,Turks and Caicos Islands,2021,Under-five mortality rate,4
591,Tuvalu,2021,Under-five mortality rate,21
592,Uganda,2021,Under-five mortality rate,42
593,Ukraine,2021,Under-five mortality rate,8
594,United Arab Emirates,2021,Under-five mortality rate,6
595,United Kingdom,2021,Under-five mortality rate,4
596,United Republic of Tanzania,2021,Under-five mortality rate,47
597,United States,2021,Under-five mortality rate,6
598,Uruguay,2021,Under-five mortality rate,6
599,Uzbekistan,2021,Under-five mortality rate,14
600,Vanuatu,2021,Under-five mortality rate,23
601,Venezuela (Bolivarian Republic of),2021,Under-five mortality rate,24
602,Viet Nam,2021,Under-five mortality rate,21
603,Yemen,2021,Under-five mortality rate,62
604,Zambia,2021,Under-five mortality rate,58
605,Zimbabwe,2021,Under-five mortality rate,50
606,Afghanistan,2021,Under-five mortality rate Male,59
607,Albania,2021,Under-five mortality rate Male,10
608,Algeria,2021,Under-five mortality rate Male,24
609,Andorra,2021,Under-five mortality rate Male,3
610,Angola,2021,Under-five mortality rate Male,75
611,Anguilla,2021,Under-five mortality rate Male,4
612,Antigua and Barbuda,2021,Under-five mortality rate Male,7
613,Argentina,2021,Under-five mortality rate Male,8
614,Armenia,2021,Under-five mortality rate Male,12
615,Australia,2021,Under-five mortality rate Male,4
616,Austria,2021,Under-five mortality rate Male,4
617,Azerbaijan,2021,Under-five mortality rate Male,20
618,Bahamas,2021,Under-five mortality rate Male,14
619,Bahrain,2021,Under-five mortality rate Male,7
620,Bangladesh,2021,Under-five mortality rate Male,29
621,Barbados,2021,Under-five mortality rate Male,13
622,Belarus,2021,Under-five mortality rate Male,3
623,Belgium,2021,Under-five mortality rate Male,5
624,Belize,2021,Under-five mortality rate Male,12
625,Benin,2021,Under-five mortality rate Male,89
626,Bhutan,2021,Under-five mortality rate Male,29
627,Bolivia (Plurinational State of),2021,Under-five mortality rate Male,27
628,Bosnia and Herzegovina,2021,Under-five mortality rate Male,6
629,Botswana,2021,Under-five mortality rate Male,38
630,Brazil,2021,Under-five mortality rate Male,16
631,British Virgin Islands,2021,Under-five mortality rate Male,11
632,Brunei Darussalam,2021,Under-five mortality rate Male,12
633,Bulgaria,2021,Under-five mortality rate Male,7
634,Burkina Faso,2021,Under-five mortality rate Male,87
635,Burundi,2021,Under-five mortality rate Male,57
636,Cabo Verde,2021,Under-five mortality rate Male,15
637,Cambodia,2021,Under-five mortality rate Male,28
638,Cameroon,2021,Under-five mortality rate Male,75
639,Canada,2021,Under-five mortality rate Male,5
640,Central African Republic,2021,Under-five mortality rate Male,107
641,Chad,2021,Under-five mortality rate Male,114
642,Chile,2021,Under-five mortality rate Male,7
643,China,2021,Under-five mortality rate Male,7
644,Colombia,2021,Under-five mortality rate Male,14
645,Comoros,2021,Under-five mortality rate Male,52
646,Congo,2021,Under-five mortality rate Male,47
647,Cook Islands,2021,Under-five mortality rate Male,7
648,Costa Rica,2021,Under-five mortality rate Male,8
649,Cte d'Ivoire,2021,Under-five mortality rate Male,83
650,Croatia,2021,Under-five mortality rate Male,5
651,Cuba,2021,Under-five mortality rate Male,5
652,Cyprus,2021,Under-five mortality rate Male,3
653,Czechia,2021,Under-five mortality rate Male,3
654,Democratic People's Republic of Korea,2021,Under-five mortality rate Male,17
655,Democratic Republic of the Congo,2021,Under-five mortality rate Male,85
656,Denmark,2021,Under-five mortality rate Male,4
657,Djibouti,2021,Under-five mortality rate Male,59
658,Dominica,2021,Under-five mortality rate Male,39
659,Dominican Republic,2021,Under-five mortality rate Male,36
660,Ecuador,2021,Under-five mortality rate Male,14
661,Egypt,2021,Under-five mortality rate Male,20
662,El Salvador,2021,Under-five mortality rate Male,14
663,Equatorial Guinea,2021,Under-five mortality rate Male,83
664,Eritrea,2021,Under-five mortality rate Male,43
665,Estonia,2021,Under-five mortality rate Male,2
666,Eswatini,2021,Under-five mortality rate Male,57
667,Ethiopia,2021,Under-five mortality rate Male,52
668,Fiji,2021,Under-five mortality rate Male,30
669,Finland,2021,Under-five mortality rate Male,2
670,France,2021,Under-five mortality rate Male,5
671,Gabon,2021,Under-five mortality rate Male,44
672,Gambia,2021,Under-five mortality rate Male,53
673,Georgia,2021,Under-five mortality rate Male,11
674,Germany,2021,Under-five mortality rate Male,4
675,Ghana,2021,Under-five mortality rate Male,48
676,Greece,2021,Under-five mortality rate Male,4
677,Grenada,2021,Under-five mortality rate Male,17
678,Guatemala,2021,Under-five mortality rate Male,25
679,Guinea,2021,Under-five mortality rate Male,106
680,Guinea-Bissau,2021,Under-five mortality rate Male,80
681,Guyana,2021,Under-five mortality rate Male,31
682,Haiti,2021,Under-five mortality rate Male,64
683,Holy See,2021,Under-five mortality rate Male,0
684,Honduras,2021,Under-five mortality rate Male,18
685,Hungary,2021,Under-five mortality rate Male,4
686,Iceland,2021,Under-five mortality rate Male,3
687,India,2021,Under-five mortality rate Male,30
688,Indonesia,2021,Under-five mortality rate Male,24
689,Iran (Islamic Republic of),2021,Under-five mortality rate Male,13
690,Iraq,2021,Under-five mortality rate Male,27
691,Ireland,2021,Under-five mortality rate Male,3
692,Israel,2021,Under-five mortality rate Male,4
693,Italy,2021,Under-five mortality rate Male,3
694,Jamaica,2021,Under-five mortality rate Male,14
695,Japan,2021,Under-five mortality rate Male,2
696,Jordan,2021,Under-five mortality rate Male,16
697,Kazakhstan,2021,Under-five mortality rate Male,12
698,Kenya,2021,Under-five mortality rate Male,40
699,Kiribati,2021,Under-five mortality rate Male,52
700,Kuwait,2021,Under-five mortality rate Male,10
701,Kyrgyzstan,2021,Under-five mortality rate Male,19
702,Lao People's Democratic Republic,2021,Under-five mortality rate Male,47
703,Latvia,2021,Under-five mortality rate Male,4
704,Lebanon,2021,Under-five mortality rate Male,9
705,Lesotho,2021,Under-five mortality rate Male,79
706,Liberia,2021,Under-five mortality rate Male,82
707,Libya,2021,Under-five mortality rate Male,12
708,Liechtenstein,2021,Under-five mortality rate Male,0
709,Lithuania,2021,Under-five mortality rate Male,4
710,Luxembourg,2021,Under-five mortality rate Male,3
711,Madagascar,2021,Under-five mortality rate Male,71
712,Malawi,2021,Under-five mortality rate Male,46
713,Malaysia,2021,Under-five mortality rate Male,8
714,Maldives,2021,Under-five mortality rate Male,6
715,Mali,2021,Under-five mortality rate Male,102
716,Malta,2021,Under-five mortality rate Male,6
717,Marshall Islands,2021,Under-five mortality rate Male,33
718,Mauritania,2021,Under-five mortality rate Male,45
719,Mauritius,2021,Under-five mortality rate Male,18
720,Mexico,2021,Under-five mortality rate Male,14
721,Micronesia (Federated States of),2021,Under-five mortality rate Male,28
722,Monaco,2021,Under-five mortality rate Male,3
723,Mongolia,2021,Under-five mortality rate Male,16
724,Montenegro,2021,Under-five mortality rate Male,2
725,Montserrat,2021,Under-five mortality rate Male,5
726,Morocco,2021,Under-five mortality rate Male,20
727,Mozambique,2021,Under-five mortality rate Male,74
728,Myanmar,2021,Under-five mortality rate Male,46
729,Namibia,2021,Under-five mortality rate Male,43
730,Nauru,2021,Under-five mortality rate Male,30
731,Nepal,2021,Under-five mortality rate Male,29
732,Netherlands,2021,Under-five mortality rate Male,4
733,New Zealand,2021,Under-five mortality rate Male,5
734,Nicaragua,2021,Under-five mortality rate Male,15
735,Niger,2021,Under-five mortality rate Male,119
736,Nigeria,2021,Under-five mortality rate Male,117
737,Niue,2021,Under-five mortality rate Male,27
738,North Macedonia,2021,Under-five mortality rate Male,6
739,Norway,2021,Under-five mortality rate Male,2
740,Oman,2021,Under-five mortality rate Male,11
741,Pakistan,2021,Under-five mortality rate Male,68
742,Palau,2021,Under-five mortality rate Male,18
743,Panama,2021,Under-five mortality rate Male,15
744,Papua New Guinea,2021,Under-five mortality rate Male,46
745,Paraguay,2021,Under-five mortality rate Male,20
746,Peru,2021,Under-five mortality rate Male,15
747,Philippines,2021,Under-five mortality rate Male,28
748,Poland,2021,Under-five mortality rate Male,5
749,Portugal,2021,Under-five mortality rate Male,3
750,Qatar,2021,Under-five mortality rate Male,6
751,Republic of Korea,2021,Under-five mortality rate Male,3
752,Republic of Moldova,2021,Under-five mortality rate Male,16
753,Romania,2021,Under-five mortality rate Male,7
754,Russian Federation,2021,Under-five mortality rate Male,6
755,Rwanda,2021,Under-five mortality rate Male,43
756,Saint Kitts and Nevis,2021,Under-five mortality rate Male,16
757,Saint Lucia,2021,Under-five mortality rate Male,27
758,Saint Vincent and the Grenadines,2021,Under-five mortality rate Male,15
759,Samoa,2021,Under-five mortality rate Male,18
760,San Marino,2021,Under-five mortality rate Male,2
761,Sao Tome and Principe,2021,Under-five mortality rate Male,17
762,Saudi Arabia,2021,Under-five mortality rate Male,7
763,Senegal,2021,Under-five mortality rate Male,42
764,Serbia,2021,Under-five mortality rate Male,6
765,Seychelles,2021,Under-five mortality rate Male,15
766,Sierra Leone,2021,Under-five mortality rate Male,111
767,Singapore,2021,Under-five mortality rate Male,2
768,Slovakia,2021,Under-five mortality rate Male,6
769,Slovenia,2021,Under-five mortality rate Male,2
770,Solomon Islands,2021,Under-five mortality rate Male,20
771,Somalia,2021,Under-five mortality rate Male,117
772,South Africa,2021,Under-five mortality rate Male,35
773,South Sudan,2021,Under-five mortality rate Male,104
774,Spain,2021,Under-five mortality rate Male,3
775,Sri Lanka,2021,Under-five mortality rate Male,7
776,State of Palestine,2021,Under-five mortality rate Male,16
777,Sudan,2021,Under-five mortality rate Male,60
778,Suriname,2021,Under-five mortality rate Male,19
779,Sweden,2021,Under-five mortality rate Male,3
780,Switzerland,2021,Under-five mortality rate Male,4
781,Syrian Arab Republic,2021,Under-five mortality rate Male,24
782,Tajikistan,2021,Under-five mortality rate Male,35
783,Thailand,2021,Under-five mortality rate Male,9
784,Timor-Leste,2021,Under-five mortality rate Male,55
785,Togo,2021,Under-five mortality rate Male,68
786,Tokelau,2021,Under-five mortality rate Male,0
787,Tonga,2021,Under-five mortality rate Male,12
788,Trinidad and Tobago,2021,Under-five mortality rate Male,18
789,Tunisia,2021,Under-five mortality rate Male,18
790,Trkiye,2021,Under-five mortality rate Male,10
791,Turkmenistan,2021,Under-five mortality rate Male,47
792,Turks and Caicos Islands,2021,Under-five mortality rate Male,5
793,Tuvalu,2021,Under-five mortality rate Male,23
794,Uganda,2021,Under-five mortality rate Male,47
795,Ukraine,2021,Under-five mortality rate Male,9
796,United Arab Emirates,2021,Under-five mortality rate Male,7
797,United Kingdom,2021,Under-five mortality rate Male,5
798,United Republic of Tanzania,2021,Under-five mortality rate Male,51
799,United States,2021,Under-five mortality rate Male,7
800,Uruguay,2021,Under-five mortality rate Male,6
801,Uzbekistan,2021,Under-five mortality rate Male,16
802,Vanuatu,2021,Under-five mortality rate Male,25
803,Venezuela (Bolivarian Republic of),2021,Under-five mortality rate Male,26
804,Viet Nam,2021,Under-five mortality rate Male,24
805,Yemen,2021,Under-five mortality rate Male,66
806,Zambia,2021,Under-five mortality rate Male,62
807,Zimbabwe,2021,Under-five mortality rate Male,54
808,Afghanistan,2021,Under-five mortality rate Female,52
809,Albania,2021,Under-five mortality rate Female,9
810,Algeria,2021,Under-five mortality rate Female,21
811,Andorra,2021,Under-five mortality rate Female,2
812,Angola,2021,Under-five mortality rate Female,63
813,Anguilla,2021,Under-five mortality rate Female,4
814,Antigua and Barbuda,2021,Under-five mortality rate Female,6
815,Argentina,2021,Under-five mortality rate Female,6
816,Armenia,2021,Under-five mortality rate Female,10
817,Australia,2021,Under-five mortality rate Female,3
818,Austria,2021,Under-five mortality rate Female,3
819,Azerbaijan,2021,Under-five mortality rate Female,17
820,Bahamas,2021,Under-five mortality rate Female,12
821,Bahrain,2021,Under-five mortality rate Female,7
822,Bangladesh,2021,Under-five mortality rate Female,25
823,Barbados,2021,Under-five mortality rate Female,11
824,Belarus,2021,Under-five mortality rate Female,2
825,Belgium,2021,Under-five mortality rate Female,4
826,Belize,2021,Under-five mortality rate Female,10
827,Benin,2021,Under-five mortality rate Female,77
828,Bhutan,2021,Under-five mortality rate Female,24
829,Bolivia (Plurinational State of),2021,Under-five mortality rate Female,22
830,Bosnia and Herzegovina,2021,Under-five mortality rate Female,5
831,Botswana,2021,Under-five mortality rate Female,31
832,Brazil,2021,Under-five mortality rate Female,13
833,British Virgin Islands,2021,Under-five mortality rate Female,9
834,Brunei Darussalam,2021,Under-five mortality rate Female,10
835,Bulgaria,2021,Under-five mortality rate Female,6
836,Burkina Faso,2021,Under-five mortality rate Female,78
837,Burundi,2021,Under-five mortality rate Female,48
838,Cabo Verde,2021,Under-five mortality rate Female,12
839,Cambodia,2021,Under-five mortality rate Female,22
840,Cameroon,2021,Under-five mortality rate Female,64
841,Canada,2021,Under-five mortality rate Female,5
842,Central African Republic,2021,Under-five mortality rate Female,93
843,Chad,2021,Under-five mortality rate Female,100
844,Chile,2021,Under-five mortality rate Female,6
845,China,2021,Under-five mortality rate Female,7
846,Colombia,2021,Under-five mortality rate Female,11
847,Comoros,2021,Under-five mortality rate Female,47
848,Congo,2021,Under-five mortality rate Female,39
849,Cook Islands,2021,Under-five mortality rate Female,7
850,Costa Rica,2021,Under-five mortality rate Female,7
851,Cte d'Ivoire,2021,Under-five mortality rate Female,67
852,Croatia,2021,Under-five mortality rate Female,4
853,Cuba,2021,Under-five mortality rate Female,4
854,Cyprus,2021,Under-five mortality rate Female,3
855,Czechia,2021,Under-five mortality rate Female,2
856,Democratic People's Republic of Korea,2021,Under-five mortality rate Female,14
857,Democratic Republic of the Congo,2021,Under-five mortality rate Female,72
858,Denmark,2021,Under-five mortality rate Female,3
859,Djibouti,2021,Under-five mortality rate Female,49
860,Dominica,2021,Under-five mortality rate Female,33
861,Dominican Republic,2021,Under-five mortality rate Female,30
862,Ecuador,2021,Under-five mortality rate Female,11
863,Egypt,2021,Under-five mortality rate Female,18
864,El Salvador,2021,Under-five mortality rate Female,11
865,Equatorial Guinea,2021,Under-five mortality rate Female,70
866,Eritrea,2021,Under-five mortality rate Female,33
867,Estonia,2021,Under-five mortality rate Female,2
868,Eswatini,2021,Under-five mortality rate Female,48
869,Ethiopia,2021,Under-five mortality rate Female,41
870,Fiji,2021,Under-five mortality rate Female,25
871,Finland,2021,Under-five mortality rate Female,2
872,France,2021,Under-five mortality rate Female,4
873,Gabon,2021,Under-five mortality rate Female,36
874,Gambia,2021,Under-five mortality rate Female,43
875,Georgia,2021,Under-five mortality rate Female,8
876,Germany,2021,Under-five mortality rate Female,3
877,Ghana,2021,Under-five mortality rate Female,39
878,Greece,2021,Under-five mortality rate Female,3
879,Grenada,2021,Under-five mortality rate Female,15
880,Guatemala,2021,Under-five mortality rate Female,21
881,Guinea,2021,Under-five mortality rate Female,91
882,Guinea-Bissau,2021,Under-five mortality rate Female,68
883,Guyana,2021,Under-five mortality rate Female,24
884,Haiti,2021,Under-five mortality rate Female,53
885,Holy See,2021,Under-five mortality rate Female,0
886,Honduras,2021,Under-five mortality rate Female,15
887,Hungary,2021,Under-five mortality rate Female,4
888,Iceland,2021,Under-five mortality rate Female,2
889,India,2021,Under-five mortality rate Female,31
890,Indonesia,2021,Under-five mortality rate Female,20
891,Iran (Islamic Republic of),2021,Under-five mortality rate Female,12
892,Iraq,2021,Under-five mortality rate Female,22
893,Ireland,2021,Under-five mortality rate Female,3
894,Israel,2021,Under-five mortality rate Female,3
895,Italy,2021,Under-five mortality rate Female,2
896,Jamaica,2021,Under-five mortality rate Female,11
897,Japan,2021,Under-five mortality rate Female,2
898,Jordan,2021,Under-five mortality rate Female,13
899,Kazakhstan,2021,Under-five mortality rate Female,9
900,Kenya,2021,Under-five mortality rate Female,34
901,Kiribati,2021,Under-five mortality rate Female,44
902,Kuwait,2021,Under-five mortality rate Female,8
903,Kyrgyzstan,2021,Under-five mortality rate Female,15
904,Lao People's Democratic Republic,2021,Under-five mortality rate Female,38
905,Latvia,2021,Under-five mortality rate Female,3
906,Lebanon,2021,Under-five mortality rate Female,8
907,Lesotho,2021,Under-five mortality rate Female,66
908,Liberia,2021,Under-five mortality rate Female,70
909,Libya,2021,Under-five mortality rate Female,10
910,Liechtenstein,2021,Under-five mortality rate Female,0
911,Lithuania,2021,Under-five mortality rate Female,3
912,Luxembourg,2021,Under-five mortality rate Female,2
913,Madagascar,2021,Under-five mortality rate Female,61
914,Malawi,2021,Under-five mortality rate Female,37
915,Malaysia,2021,Under-five mortality rate Female,7
916,Maldives,2021,Under-five mortality rate Female,5
917,Mali,2021,Under-five mortality rate Female,92
918,Malta,2021,Under-five mortality rate Female,5
919,Marshall Islands,2021,Under-five mortality rate Female,26
920,Mauritania,2021,Under-five mortality rate Female,36
921,Mauritius,2021,Under-five mortality rate Female,15
922,Mexico,2021,Under-five mortality rate Female,12
923,Micronesia (Federated States of),2021,Under-five mortality rate Female,22
924,Monaco,2021,Under-five mortality rate Female,3
925,Mongolia,2021,Under-five mortality rate Female,13
926,Montenegro,2021,Under-five mortality rate Female,2
927,Montserrat,2021,Under-five mortality rate Female,5
928,Morocco,2021,Under-five mortality rate Female,16
929,Mozambique,2021,Under-five mortality rate Female,65
930,Myanmar,2021,Under-five mortality rate Female,38
931,Namibia,2021,Under-five mortality rate Female,35
932,Nauru,2021,Under-five mortality rate Female,25
933,Nepal,2021,Under-five mortality rate Female,25
934,Netherlands,2021,Under-five mortality rate Female,4
935,New Zealand,2021,Under-five mortality rate Female,4
936,Nicaragua,2021,Under-five mortality rate Female,12
937,Niger,2021,Under-five mortality rate Female,111
938,Nigeria,2021,Under-five mortality rate Female,104
939,Niue,2021,Under-five mortality rate Female,22
940,North Macedonia,2021,Under-five mortality rate Female,5
941,Norway,2021,Under-five mortality rate Female,2
942,Oman,2021,Under-five mortality rate Female,9
943,Pakistan,2021,Under-five mortality rate Female,59
944,Palau,2021,Under-five mortality rate Female,14
945,Panama,2021,Under-five mortality rate Female,12
946,Papua New Guinea,2021,Under-five mortality rate Female,39
947,Paraguay,2021,Under-five mortality rate Female,16
948,Peru,2021,Under-five mortality rate Female,13
949,Philippines,2021,Under-five mortality rate Female,23
950,Poland,2021,Under-five mortality rate Female,4
951,Portugal,2021,Under-five mortality rate Female,3
952,Qatar,2021,Under-five mortality rate Female,5
953,Republic of Korea,2021,Under-five mortality rate Female,3
954,Republic of Moldova,2021,Under-five mortality rate Female,13
955,Romania,2021,Under-five mortality rate Female,6
956,Russian Federation,2021,Under-five mortality rate Female,5
957,Rwanda,2021,Under-five mortality rate Female,36
958,Saint Kitts and Nevis,2021,Under-five mortality rate Female,13
959,Saint Lucia,2021,Under-five mortality rate Female,22
960,Saint Vincent and the Grenadines,2021,Under-five mortality rate Female,12
961,Samoa,2021,Under-five mortality rate Female,15
962,San Marino,2021,Under-five mortality rate Female,2
963,Sao Tome and Principe,2021,Under-five mortality rate Female,14
964,Saudi Arabia,2021,Under-five mortality rate Female,7
965,Senegal,2021,Under-five mortality rate Female,35
966,Serbia,2021,Under-five mortality rate Female,5
967,Seychelles,2021,Under-five mortality rate Female,13
968,Sierra Leone,2021,Under-five mortality rate Female,98
969,Singapore,2021,Under-five mortality rate Female,2
970,Slovakia,2021,Under-five mortality rate Female,5
971,Slovenia,2021,Under-five mortality rate Female,2
972,Solomon Islands,2021,Under-five mortality rate Female,17
973,Somalia,2021,Under-five mortality rate Female,105
974,South Africa,2021,Under-five mortality rate Female,30
975,South Sudan,2021,Under-five mortality rate Female,94
976,Spain,2021,Under-five mortality rate Female,3
977,Sri Lanka,2021,Under-five mortality rate Female,6
978,State of Palestine,2021,Under-five mortality rate Female,13
979,Sudan,2021,Under-five mortality rate Female,50
980,Suriname,2021,Under-five mortality rate Female,15
981,Sweden,2021,Under-five mortality rate Female,2
982,Switzerland,2021,Under-five mortality rate Female,4
983,Syrian Arab Republic,2021,Under-five mortality rate Female,20
984,Tajikistan,2021,Under-five mortality rate Female,27
985,Thailand,2021,Under-five mortality rate Female,7
986,Timor-Leste,2021,Under-five mortality rate Female,46
987,Togo,2021,Under-five mortality rate Female,57
988,Tokelau,2021,Under-five mortality rate Female,0
989,Tonga,2021,Under-five mortality rate Female,10
990,Trinidad and Tobago,2021,Under-five mortality rate Female,15
991,Tunisia,2021,Under-five mortality rate Female,15
992,Trkiye,2021,Under-five mortality rate Female,8
993,Turkmenistan,2021,Under-five mortality rate Female,35
994,Turks and Caicos Islands,2021,Under-five mortality rate Female,4
995,Tuvalu,2021,Under-five mortality rate Female,19
996,Uganda,2021,Under-five mortality rate Female,37
997,Ukraine,2021,Under-five mortality rate Female,7
998,United Arab Emirates,2021,Under-five mortality rate Female,6
999,United Kingdom,2021,Under-five mortality rate Female,4
1000,United Republic of Tanzania,2021,Under-five mortality rate Female,43
1001,United States,2021,Under-five mortality rate Female,6
1002,Uruguay,2021,Under-five mortality rate Female,5
1003,Uzbekistan,2021,Under-five mortality rate Female,12
1004,Vanuatu,2021,Under-five mortality rate Female,21
1005,Venezuela (Bolivarian Republic of),2021,Under-five mortality rate Female,22
1006,Viet Nam,2021,Under-five mortality rate Female,17
1007,Yemen,2021,Under-five mortality rate Female,58
1008,Zambia,2021,Under-five mortality rate Female,53
1009,Zimbabwe,2021,Under-five mortality rate Female,45
1010,Afghanistan,1990,Infant mortality rate,121
1011,Albania,1990,Infant mortality rate,35
1012,Algeria,1990,Infant mortality rate,44
1013,Andorra,1990,Infant mortality rate,9
1014,Angola,1990,Infant mortality rate,132
1015,Anguilla,1990,Infant mortality rate,14
1016,Antigua and Barbuda,1990,Infant mortality rate,11
1017,Argentina,1990,Infant mortality rate,25
1018,Armenia,1990,Infant mortality rate,42
1019,Australia,1990,Infant mortality rate,8
1020,Austria,1990,Infant mortality rate,8
1021,Azerbaijan,1990,Infant mortality rate,76
1022,Bahamas,1990,Infant mortality rate,20
1023,Bahrain,1990,Infant mortality rate,20
1024,Bangladesh,1990,Infant mortality rate,101
1025,Barbados,1990,Infant mortality rate,16
1026,Belarus,1990,Infant mortality rate,12
1027,Belgium,1990,Infant mortality rate,8
1028,Belize,1990,Infant mortality rate,31
1029,Benin,1990,Infant mortality rate,104
1030,Bhutan,1990,Infant mortality rate,89
1031,Bolivia (Plurinational State of),1990,Infant mortality rate,84
1032,Bosnia and Herzegovina,1990,Infant mortality rate,16
1033,Botswana,1990,Infant mortality rate,34
1034,Brazil,1990,Infant mortality rate,53
1035,British Virgin Islands,1990,Infant mortality rate,17
1036,Brunei Darussalam,1990,Infant mortality rate,10
1037,Bulgaria,1990,Infant mortality rate,15
1038,Burkina Faso,1990,Infant mortality rate,99
1039,Burundi,1990,Infant mortality rate,103
1040,Cabo Verde,1990,Infant mortality rate,47
1041,Cambodia,1990,Infant mortality rate,85
1042,Cameroon,1990,Infant mortality rate,85
1043,Canada,1990,Infant mortality rate,7
1044,Central African Republic,1990,Infant mortality rate,115
1045,Chad,1990,Infant mortality rate,112
1046,Chile,1990,Infant mortality rate,16
1047,China,1990,Infant mortality rate,43
1048,Colombia,1990,Infant mortality rate,29
1049,Comoros,1990,Infant mortality rate,89
1050,Congo,1990,Infant mortality rate,60
1051,Cook Islands,1990,Infant mortality rate,20
1052,Costa Rica,1990,Infant mortality rate,14
1053,Cte d'Ivoire,1990,Infant mortality rate,104
1054,Croatia,1990,Infant mortality rate,11
1055,Cuba,1990,Infant mortality rate,11
1056,Cyprus,1990,Infant mortality rate,10
1057,Czechia,1990,Infant mortality rate,10
1058,Democratic People's Republic of Korea,1990,Infant mortality rate,33
1059,Democratic Republic of the Congo,1990,Infant mortality rate,120
1060,Denmark,1990,Infant mortality rate,7
1061,Djibouti,1990,Infant mortality rate,92
1062,Dominica,1990,Infant mortality rate,13
1063,Dominican Republic,1990,Infant mortality rate,46
1064,Ecuador,1990,Infant mortality rate,42
1065,Egypt,1990,Infant mortality rate,63
1066,El Salvador,1990,Infant mortality rate,46
1067,Equatorial Guinea,1990,Infant mortality rate,121
1068,Eritrea,1990,Infant mortality rate,94
1069,Estonia,1990,Infant mortality rate,14
1070,Eswatini,1990,Infant mortality rate,52
1071,Ethiopia,1990,Infant mortality rate,120
1072,Fiji,1990,Infant mortality rate,24
1073,Finland,1990,Infant mortality rate,6
1074,France,1990,Infant mortality rate,7
1075,Gabon,1990,Infant mortality rate,60
1076,Gambia,1990,Infant mortality rate,81
1077,Georgia,1990,Infant mortality rate,41
1078,Germany,1990,Infant mortality rate,7
1079,Ghana,1990,Infant mortality rate,80
1080,Greece,1990,Infant mortality rate,9
1081,Grenada,1990,Infant mortality rate,18
1082,Guatemala,1990,Infant mortality rate,60
1083,Guinea,1990,Infant mortality rate,138
1084,Guinea-Bissau,1990,Infant mortality rate,132
1085,Guyana,1990,Infant mortality rate,47
1086,Haiti,1990,Infant mortality rate,100
1087,Holy See,1990,Infant mortality rate,0
1088,Honduras,1990,Infant mortality rate,45
1089,Hungary,1990,Infant mortality rate,15
1090,Iceland,1990,Infant mortality rate,5
1091,India,1990,Infant mortality rate,89
1092,Indonesia,1990,Infant mortality rate,62
1093,Iran (Islamic Republic of),1990,Infant mortality rate,45
1094,Iraq,1990,Infant mortality rate,42
1095,Ireland,1990,Infant mortality rate,8
1096,Israel,1990,Infant mortality rate,10
1097,Italy,1990,Infant mortality rate,8
1098,Jamaica,1990,Infant mortality rate,23
1099,Japan,1990,Infant mortality rate,5
1100,Jordan,1990,Infant mortality rate,30
1101,Kazakhstan,1990,Infant mortality rate,44
1102,Kenya,1990,Infant mortality rate,65
1103,Kiribati,1990,Infant mortality rate,67
1104,Kuwait,1990,Infant mortality rate,15
1105,Kyrgyzstan,1990,Infant mortality rate,54
1106,Lao People's Democratic Republic,1990,Infant mortality rate,106
1107,Latvia,1990,Infant mortality rate,13
1108,Lebanon,1990,Infant mortality rate,27
1109,Lesotho,1990,Infant mortality rate,68
1110,Liberia,1990,Infant mortality rate,176
1111,Libya,1990,Infant mortality rate,36
1112,Liechtenstein,1990,Infant mortality rate,0
1113,Lithuania,1990,Infant mortality rate,12
1114,Luxembourg,1990,Infant mortality rate,7
1115,Madagascar,1990,Infant mortality rate,95
1116,Malawi,1990,Infant mortality rate,142
1117,Malaysia,1990,Infant mortality rate,14
1118,Maldives,1990,Infant mortality rate,63
1119,Mali,1990,Infant mortality rate,120
1120,Malta,1990,Infant mortality rate,10
1121,Marshall Islands,1990,Infant mortality rate,38
1122,Mauritania,1990,Infant mortality rate,71
1123,Mauritius,1990,Infant mortality rate,20
1124,Mexico,1990,Infant mortality rate,36
1125,Micronesia (Federated States of),1990,Infant mortality rate,39
1126,Monaco,1990,Infant mortality rate,4
1127,Mongolia,1990,Infant mortality rate,77
1128,Montenegro,1990,Infant mortality rate,15
1129,Montserrat,1990,Infant mortality rate,15
1130,Morocco,1990,Infant mortality rate,64
1131,Mozambique,1990,Infant mortality rate,163
1132,Myanmar,1990,Infant mortality rate,82
1133,Namibia,1990,Infant mortality rate,49
1134,Nauru,1990,Infant mortality rate,51
1135,Nepal,1990,Infant mortality rate,96
1136,Netherlands,1990,Infant mortality rate,7
1137,New Zealand,1990,Infant mortality rate,9
1138,Nicaragua,1990,Infant mortality rate,51
1139,Niger,1990,Infant mortality rate,134
1140,Nigeria,1990,Infant mortality rate,124
1141,Niue,1990,Infant mortality rate,21
1142,North Macedonia,1990,Infant mortality rate,33
1143,Norway,1990,Infant mortality rate,7
1144,Oman,1990,Infant mortality rate,32
1145,Pakistan,1990,Infant mortality rate,107
1146,Palau,1990,Infant mortality rate,30
1147,Panama,1990,Infant mortality rate,26
1148,Papua New Guinea,1990,Infant mortality rate,62
1149,Paraguay,1990,Infant mortality rate,36
1150,Peru,1990,Infant mortality rate,57
1151,Philippines,1990,Infant mortality rate,40
1152,Poland,1990,Infant mortality rate,15
1153,Portugal,1990,Infant mortality rate,12
1154,Qatar,1990,Infant mortality rate,18
1155,Republic of Korea,1990,Infant mortality rate,13
1156,Republic of Moldova,1990,Infant mortality rate,28
1157,Romania,1990,Infant mortality rate,24
1158,Russian Federation,1990,Infant mortality rate,17
1159,Rwanda,1990,Infant mortality rate,92
1160,Saint Kitts and Nevis,1990,Infant mortality rate,25
1161,Saint Lucia,1990,Infant mortality rate,18
1162,Saint Vincent and the Grenadines,1990,Infant mortality rate,20
1163,Samoa,1990,Infant mortality rate,25
1164,San Marino,1990,Infant mortality rate,12
1165,Sao Tome and Principe,1990,Infant mortality rate,69
1166,Saudi Arabia,1990,Infant mortality rate,35
1167,Senegal,1990,Infant mortality rate,71
1168,Serbia,1990,Infant mortality rate,24
1169,Seychelles,1990,Infant mortality rate,14
1170,Sierra Leone,1990,Infant mortality rate,155
1171,Singapore,1990,Infant mortality rate,6
1172,Slovakia,1990,Infant mortality rate,13
1173,Slovenia,1990,Infant mortality rate,9
1174,Solomon Islands,1990,Infant mortality rate,31
1175,Somalia,1990,Infant mortality rate,109
1176,South Africa,1990,Infant mortality rate,48
1177,South Sudan,1990,Infant mortality rate,149
1178,Spain,1990,Infant mortality rate,7
1179,Sri Lanka,1990,Infant mortality rate,19
1180,State of Palestine,1990,Infant mortality rate,36
1181,Sudan,1990,Infant mortality rate,82
1182,Suriname,1990,Infant mortality rate,39
1183,Sweden,1990,Infant mortality rate,6
1184,Switzerland,1990,Infant mortality rate,7
1185,Syrian Arab Republic,1990,Infant mortality rate,30
1186,Tajikistan,1990,Infant mortality rate,81
1187,Thailand,1990,Infant mortality rate,30
1188,Timor-Leste,1990,Infant mortality rate,132
1189,Togo,1990,Infant mortality rate,91
1190,Tokelau,1990,Infant mortality rate,0
1191,Tonga,1990,Infant mortality rate,19
1192,Trinidad and Tobago,1990,Infant mortality rate,27
1193,Tunisia,1990,Infant mortality rate,43
1194,Trkiye,1990,Infant mortality rate,56
1195,Turkmenistan,1990,Infant mortality rate,65
1196,Turks and Caicos Islands,1990,Infant mortality rate,11
1197,Tuvalu,1990,Infant mortality rate,41
1198,Uganda,1990,Infant mortality rate,107
1199,Ukraine,1990,Infant mortality rate,16
1200,United Arab Emirates,1990,Infant mortality rate,14
1201,United Kingdom,1990,Infant mortality rate,8
1202,United Republic of Tanzania,1990,Infant mortality rate,100
1203,United States,1990,Infant mortality rate,9
1204,Uruguay,1990,Infant mortality rate,20
1205,Uzbekistan,1990,Infant mortality rate,58
1206,Vanuatu,1990,Infant mortality rate,30
1207,Venezuela (Bolivarian Republic of),1990,Infant mortality rate,25
1208,Viet Nam,1990,Infant mortality rate,37
1209,Yemen,1990,Infant mortality rate,89
1210,Zambia,1990,Infant mortality rate,108
1211,Zimbabwe,1990,Infant mortality rate,51
1212,Afghanistan,2021,Infant mortality rate,43
1213,Albania,2021,Infant mortality rate,8
1214,Algeria,2021,Infant mortality rate,19
1215,Andorra,2021,Infant mortality rate,3
1216,Angola,2021,Infant mortality rate,47
1217,Anguilla,2021,Infant mortality rate,4
1218,Antigua and Barbuda,2021,Infant mortality rate,5
1219,Argentina,2021,Infant mortality rate,6
1220,Armenia,2021,Infant mortality rate,10
1221,Australia,2021,Infant mortality rate,3
1222,Austria,2021,Infant mortality rate,3
1223,Azerbaijan,2021,Infant mortality rate,17
1224,Bahamas,2021,Infant mortality rate,11
1225,Bahrain,2021,Infant mortality rate,6
1226,Bangladesh,2021,Infant mortality rate,23
1227,Barbados,2021,Infant mortality rate,11
1228,Belarus,2021,Infant mortality rate,2
1229,Belgium,2021,Infant mortality rate,3
1230,Belize,2021,Infant mortality rate,10
1231,Benin,2021,Infant mortality rate,55
1232,Bhutan,2021,Infant mortality rate,22
1233,Bolivia (Plurinational State of),2021,Infant mortality rate,20
1234,Bosnia and Herzegovina,2021,Infant mortality rate,5
1235,Botswana,2021,Infant mortality rate,28
1236,Brazil,2021,Infant mortality rate,13
1237,British Virgin Islands,2021,Infant mortality rate,10
1238,Brunei Darussalam,2021,Infant mortality rate,10
1239,Bulgaria,2021,Infant mortality rate,5
1240,Burkina Faso,2021,Infant mortality rate,52
1241,Burundi,2021,Infant mortality rate,38
1242,Cabo Verde,2021,Infant mortality rate,12
1243,Cambodia,2021,Infant mortality rate,21
1244,Cameroon,2021,Infant mortality rate,47
1245,Canada,2021,Infant mortality rate,4
1246,Central African Republic,2021,Infant mortality rate,75
1247,Chad,2021,Infant mortality rate,66
1248,Chile,2021,Infant mortality rate,6
1249,China,2021,Infant mortality rate,5
1250,Colombia,2021,Infant mortality rate,11
1251,Comoros,2021,Infant mortality rate,39
1252,Congo,2021,Infant mortality rate,32
1253,Cook Islands,2021,Infant mortality rate,6
1254,Costa Rica,2021,Infant mortality rate,6
1255,Cte d'Ivoire,2021,Infant mortality rate,56
1256,Croatia,2021,Infant mortality rate,4
1257,Cuba,2021,Infant mortality rate,4
1258,Cyprus,2021,Infant mortality rate,2
1259,Czechia,2021,Infant mortality rate,2
1260,Democratic People's Republic of Korea,2021,Infant mortality rate,10
1261,Democratic Republic of the Congo,2021,Infant mortality rate,62
1262,Denmark,2021,Infant mortality rate,3
1263,Djibouti,2021,Infant mortality rate,46
1264,Dominica,2021,Infant mortality rate,32
1265,Dominican Republic,2021,Infant mortality rate,27
1266,Ecuador,2021,Infant mortality rate,11
1267,Egypt,2021,Infant mortality rate,16
1268,El Salvador,2021,Infant mortality rate,11
1269,Equatorial Guinea,2021,Infant mortality rate,57
1270,Eritrea,2021,Infant mortality rate,29
1271,Estonia,2021,Infant mortality rate,2
1272,Eswatini,2021,Infant mortality rate,41
1273,Ethiopia,2021,Infant mortality rate,34
1274,Fiji,2021,Infant mortality rate,23
1275,Finland,2021,Infant mortality rate,2
1276,France,2021,Infant mortality rate,3
1277,Gabon,2021,Infant mortality rate,29
1278,Gambia,2021,Infant mortality rate,34
1279,Georgia,2021,Infant mortality rate,8
1280,Germany,2021,Infant mortality rate,3
1281,Ghana,2021,Infant mortality rate,33
1282,Greece,2021,Infant mortality rate,3
1283,Grenada,2021,Infant mortality rate,14
1284,Guatemala,2021,Infant mortality rate,20
1285,Guinea,2021,Infant mortality rate,64
1286,Guinea-Bissau,2021,Infant mortality rate,50
1287,Guyana,2021,Infant mortality rate,23
1288,Haiti,2021,Infant mortality rate,45
1289,Holy See,2021,Infant mortality rate,0
1290,Honduras,2021,Infant mortality rate,14
1291,Hungary,2021,Infant mortality rate,3
1292,Iceland,2021,Infant mortality rate,2
1293,India,2021,Infant mortality rate,25
1294,Indonesia,2021,Infant mortality rate,19
1295,Iran (Islamic Republic of),2021,Infant mortality rate,11
1296,Iraq,2021,Infant mortality rate,21
1297,Ireland,2021,Infant mortality rate,3
1298,Israel,2021,Infant mortality rate,3
1299,Italy,2021,Infant mortality rate,2
1300,Jamaica,2021,Infant mortality rate,11
1301,Japan,2021,Infant mortality rate,2
1302,Jordan,2021,Infant mortality rate,13
1303,Kazakhstan,2021,Infant mortality rate,9
1304,Kenya,2021,Infant mortality rate,28
1305,Kiribati,2021,Infant mortality rate,38
1306,Kuwait,2021,Infant mortality rate,7
1307,Kyrgyzstan,2021,Infant mortality rate,16
1308,Lao People's Democratic Republic,2021,Infant mortality rate,34
1309,Latvia,2021,Infant mortality rate,3
1310,Lebanon,2021,Infant mortality rate,7
1311,Lesotho,2021,Infant mortality rate,57
1312,Liberia,2021,Infant mortality rate,57
1313,Libya,2021,Infant mortality rate,9
1314,Liechtenstein,2021,Infant mortality rate,0
1315,Lithuania,2021,Infant mortality rate,3
1316,Luxembourg,2021,Infant mortality rate,2
1317,Madagascar,2021,Infant mortality rate,45
1318,Malawi,2021,Infant mortality rate,31
1319,Malaysia,2021,Infant mortality rate,6
1320,Maldives,2021,Infant mortality rate,5
1321,Mali,2021,Infant mortality rate,62
1322,Malta,2021,Infant mortality rate,5
1323,Marshall Islands,2021,Infant mortality rate,25
1324,Mauritania,2021,Infant mortality rate,32
1325,Mauritius,2021,Infant mortality rate,15
1326,Mexico,2021,Infant mortality rate,11
1327,Micronesia (Federated States of),2021,Infant mortality rate,21
1328,Monaco,2021,Infant mortality rate,1
1329,Mongolia,2021,Infant mortality rate,13
1330,Montenegro,2021,Infant mortality rate,2
1331,Montserrat,2021,Infant mortality rate,5
1332,Morocco,2021,Infant mortality rate,15
1333,Mozambique,2021,Infant mortality rate,51
1334,Myanmar,2021,Infant mortality rate,34
1335,Namibia,2021,Infant mortality rate,29
1336,Nauru,2021,Infant mortality rate,23
1337,Nepal,2021,Infant mortality rate,23
1338,Netherlands,2021,Infant mortality rate,4
1339,New Zealand,2021,Infant mortality rate,4
1340,Nicaragua,2021,Infant mortality rate,11
1341,Niger,2021,Infant mortality rate,60
1342,Nigeria,2021,Infant mortality rate,71
1343,Niue,2021,Infant mortality rate,20
1344,North Macedonia,2021,Infant mortality rate,5
1345,Norway,2021,Infant mortality rate,2
1346,Oman,2021,Infant mortality rate,9
1347,Pakistan,2021,Infant mortality rate,53
1348,Palau,2021,Infant mortality rate,15
1349,Panama,2021,Infant mortality rate,12
1350,Papua New Guinea,2021,Infant mortality rate,34
1351,Paraguay,2021,Infant mortality rate,16
1352,Peru,2021,Infant mortality rate,11
1353,Philippines,2021,Infant mortality rate,20
1354,Poland,2021,Infant mortality rate,4
1355,Portugal,2021,Infant mortality rate,3
1356,Qatar,2021,Infant mortality rate,5
1357,Republic of Korea,2021,Infant mortality rate,2
1358,Republic of Moldova,2021,Infant mortality rate,12
1359,Romania,2021,Infant mortality rate,5
1360,Russian Federation,2021,Infant mortality rate,4
1361,Rwanda,2021,Infant mortality rate,30
1362,Saint Kitts and Nevis,2021,Infant mortality rate,12
1363,Saint Lucia,2021,Infant mortality rate,22
1364,Saint Vincent and the Grenadines,2021,Infant mortality rate,13
1365,Samoa,2021,Infant mortality rate,14
1366,San Marino,2021,Infant mortality rate,2
1367,Sao Tome and Principe,2021,Infant mortality rate,12
1368,Saudi Arabia,2021,Infant mortality rate,6
1369,Senegal,2021,Infant mortality rate,29
1370,Serbia,2021,Infant mortality rate,5
1371,Seychelles,2021,Infant mortality rate,12
1372,Sierra Leone,2021,Infant mortality rate,78
1373,Singapore,2021,Infant mortality rate,2
1374,Slovakia,2021,Infant mortality rate,5
1375,Slovenia,2021,Infant mortality rate,2
1376,Solomon Islands,2021,Infant mortality rate,16
1377,Somalia,2021,Infant mortality rate,71
1378,South Africa,2021,Infant mortality rate,26
1379,South Sudan,2021,Infant mortality rate,64
1380,Spain,2021,Infant mortality rate,3
1381,Sri Lanka,2021,Infant mortality rate,6
1382,State of Palestine,2021,Infant mortality rate,13
1383,Sudan,2021,Infant mortality rate,39
1384,Suriname,2021,Infant mortality rate,15
1385,Sweden,2021,Infant mortality rate,2
1386,Switzerland,2021,Infant mortality rate,3
1387,Syrian Arab Republic,2021,Infant mortality rate,18
1388,Tajikistan,2021,Infant mortality rate,28
1389,Thailand,2021,Infant mortality rate,7
1390,Timor-Leste,2021,Infant mortality rate,43
1391,Togo,2021,Infant mortality rate,43
1392,Tokelau,2021,Infant mortality rate,0
1393,Tonga,2021,Infant mortality rate,10
1394,Trinidad and Tobago,2021,Infant mortality rate,15
1395,Tunisia,2021,Infant mortality rate,14
1396,Trkiye,2021,Infant mortality rate,8
1397,Turkmenistan,2021,Infant mortality rate,36
1398,Turks and Caicos Islands,2021,Infant mortality rate,4
1399,Tuvalu,2021,Infant mortality rate,18
1400,Uganda,2021,Infant mortality rate,31
1401,Ukraine,2021,Infant mortality rate,7
1402,United Arab Emirates,2021,Infant mortality rate,5
1403,United Kingdom,2021,Infant mortality rate,4
1404,United Republic of Tanzania,2021,Infant mortality rate,34
1405,United States,2021,Infant mortality rate,5
1406,Uruguay,2021,Infant mortality rate,5
1407,Uzbekistan,2021,Infant mortality rate,13
1408,Vanuatu,2021,Infant mortality rate,20
1409,Venezuela (Bolivarian Republic of),2021,Infant mortality rate,21
1410,Viet Nam,2021,Infant mortality rate,16
1411,Yemen,2021,Infant mortality rate,47
1412,Zambia,2021,Infant mortality rate,40
1413,Zimbabwe,2021,Infant mortality rate,36
1414,Afghanistan,1990,Neonatal mortality rate,74
1415,Albania,1990,Neonatal mortality rate,13
1416,Algeria,1990,Neonatal mortality rate,24
1417,Andorra,1990,Neonatal mortality rate,7
1418,Angola,1990,Neonatal mortality rate,54
1419,Anguilla,1990,Neonatal mortality rate,9
1420,Antigua and Barbuda,1990,Neonatal mortality rate,8
1421,Argentina,1990,Neonatal mortality rate,15
1422,Armenia,1990,Neonatal mortality rate,23
1423,Australia,1990,Neonatal mortality rate,5
1424,Austria,1990,Neonatal mortality rate,5
1425,Azerbaijan,1990,Neonatal mortality rate,31
1426,Bahamas,1990,Neonatal mortality rate,14
1427,Bahrain,1990,Neonatal mortality rate,15
1428,Bangladesh,1990,Neonatal mortality rate,66
1429,Barbados,1990,Neonatal mortality rate,12
1430,Belarus,1990,Neonatal mortality rate,10
1431,Belgium,1990,Neonatal mortality rate,5
1432,Belize,1990,Neonatal mortality rate,19
1433,Benin,1990,Neonatal mortality rate,45
1434,Bhutan,1990,Neonatal mortality rate,42
1435,Bolivia (Plurinational State of),1990,Neonatal mortality rate,41
1436,Bosnia and Herzegovina,1990,Neonatal mortality rate,11
1437,Botswana,1990,Neonatal mortality rate,18
1438,Brazil,1990,Neonatal mortality rate,26
1439,British Virgin Islands,1990,Neonatal mortality rate,10
1440,Brunei Darussalam,1990,Neonatal mortality rate,6
1441,Bulgaria,1990,Neonatal mortality rate,8
1442,Burkina Faso,1990,Neonatal mortality rate,46
1443,Burundi,1990,Neonatal mortality rate,39
1444,Cabo Verde,1990,Neonatal mortality rate,20
1445,Cambodia,1990,Neonatal mortality rate,40
1446,Cameroon,1990,Neonatal mortality rate,40
1447,Canada,1990,Neonatal mortality rate,4
1448,Central African Republic,1990,Neonatal mortality rate,51
1449,Chad,1990,Neonatal mortality rate,52
1450,Chile,1990,Neonatal mortality rate,9
1451,China,1990,Neonatal mortality rate,30
1452,Colombia,1990,Neonatal mortality rate,18
1453,Comoros,1990,Neonatal mortality rate,50
1454,Congo,1990,Neonatal mortality rate,27
1455,Cook Islands,1990,Neonatal mortality rate,13
1456,Costa Rica,1990,Neonatal mortality rate,9
1457,Cte d'Ivoire,1990,Neonatal mortality rate,49
1458,Croatia,1990,Neonatal mortality rate,8
1459,Cuba,1990,Neonatal mortality rate,7
1460,Cyprus,1990,Neonatal mortality rate,6
1461,Czechia,1990,Neonatal mortality rate,7
1462,Democratic People's Republic of Korea,1990,Neonatal mortality rate,22
1463,Democratic Republic of the Congo,1990,Neonatal mortality rate,42
1464,Denmark,1990,Neonatal mortality rate,4
1465,Djibouti,1990,Neonatal mortality rate,49
1466,Dominica,1990,Neonatal mortality rate,10
1467,Dominican Republic,1990,Neonatal mortality rate,24
1468,Ecuador,1990,Neonatal mortality rate,22
1469,Egypt,1990,Neonatal mortality rate,33
1470,El Salvador,1990,Neonatal mortality rate,23
1471,Equatorial Guinea,1990,Neonatal mortality rate,50
1472,Eritrea,1990,Neonatal mortality rate,35
1473,Estonia,1990,Neonatal mortality rate,10
1474,Eswatini,1990,Neonatal mortality rate,23
1475,Ethiopia,1990,Neonatal mortality rate,59
1476,Fiji,1990,Neonatal mortality rate,13
1477,Finland,1990,Neonatal mortality rate,4
1478,France,1990,Neonatal mortality rate,4
1479,Gabon,1990,Neonatal mortality rate,31
1480,Gambia,1990,Neonatal mortality rate,50
1481,Georgia,1990,Neonatal mortality rate,25
1482,Germany,1990,Neonatal mortality rate,3
1483,Ghana,1990,Neonatal mortality rate,42
1484,Greece,1990,Neonatal mortality rate,6
1485,Grenada,1990,Neonatal mortality rate,12
1486,Guatemala,1990,Neonatal mortality rate,28
1487,Guinea,1990,Neonatal mortality rate,62
1488,Guinea-Bissau,1990,Neonatal mortality rate,64
1489,Guyana,1990,Neonatal mortality rate,31
1490,Haiti,1990,Neonatal mortality rate,39
1491,Holy See,1990,Neonatal mortality rate,0
1492,Honduras,1990,Neonatal mortality rate,22
1493,Hungary,1990,Neonatal mortality rate,11
1494,Iceland,1990,Neonatal mortality rate,3
1495,India,1990,Neonatal mortality rate,57
1496,Indonesia,1990,Neonatal mortality rate,31
1497,Iran (Islamic Republic of),1990,Neonatal mortality rate,25
1498,Iraq,1990,Neonatal mortality rate,26
1499,Ireland,1990,Neonatal mortality rate,5
1500,Israel,1990,Neonatal mortality rate,6
1501,Italy,1990,Neonatal mortality rate,6
1502,Jamaica,1990,Neonatal mortality rate,18
1503,Japan,1990,Neonatal mortality rate,3
1504,Jordan,1990,Neonatal mortality rate,20
1505,Kazakhstan,1990,Neonatal mortality rate,23
1506,Kenya,1990,Neonatal mortality rate,27
1507,Kiribati,1990,Neonatal mortality rate,35
1508,Kuwait,1990,Neonatal mortality rate,10
1509,Kyrgyzstan,1990,Neonatal mortality rate,24
1510,Lao People's Democratic Republic,1990,Neonatal mortality rate,47
1511,Latvia,1990,Neonatal mortality rate,8
1512,Lebanon,1990,Neonatal mortality rate,20
1513,Lesotho,1990,Neonatal mortality rate,39
1514,Liberia,1990,Neonatal mortality rate,60
1515,Libya,1990,Neonatal mortality rate,21
1516,Liechtenstein,1990,Neonatal mortality rate,0
1517,Lithuania,1990,Neonatal mortality rate,8
1518,Luxembourg,1990,Neonatal mortality rate,4
1519,Madagascar,1990,Neonatal mortality rate,39
1520,Malawi,1990,Neonatal mortality rate,51
1521,Malaysia,1990,Neonatal mortality rate,8
1522,Maldives,1990,Neonatal mortality rate,39
1523,Mali,1990,Neonatal mortality rate,67
1524,Malta,1990,Neonatal mortality rate,8
1525,Marshall Islands,1990,Neonatal mortality rate,18
1526,Mauritania,1990,Neonatal mortality rate,45
1527,Mauritius,1990,Neonatal mortality rate,15
1528,Mexico,1990,Neonatal mortality rate,22
1529,Micronesia (Federated States of),1990,Neonatal mortality rate,24
1530,Monaco,1990,Neonatal mortality rate,4
1531,Mongolia,1990,Neonatal mortality rate,30
1532,Montenegro,1990,Neonatal mortality rate,11
1533,Montserrat,1990,Neonatal mortality rate,9
1534,Morocco,1990,Neonatal mortality rate,37
1535,Mozambique,1990,Neonatal mortality rate,62
1536,Myanmar,1990,Neonatal mortality rate,48
1537,Namibia,1990,Neonatal mortality rate,28
1538,Nauru,1990,Neonatal mortality rate,32
1539,Nepal,1990,Neonatal mortality rate,58
1540,Netherlands,1990,Neonatal mortality rate,5
1541,New Zealand,1990,Neonatal mortality rate,4
1542,Nicaragua,1990,Neonatal mortality rate,23
1543,Niger,1990,Neonatal mortality rate,55
1544,Nigeria,1990,Neonatal mortality rate,50
1545,Niue,1990,Neonatal mortality rate,13
1546,North Macedonia,1990,Neonatal mortality rate,17
1547,Norway,1990,Neonatal mortality rate,4
1548,Oman,1990,Neonatal mortality rate,17
1549,Pakistan,1990,Neonatal mortality rate,64
1550,Palau,1990,Neonatal mortality rate,19
1551,Panama,1990,Neonatal mortality rate,18
1552,Papua New Guinea,1990,Neonatal mortality rate,32
1553,Paraguay,1990,Neonatal mortality rate,22
1554,Peru,1990,Neonatal mortality rate,28
1555,Philippines,1990,Neonatal mortality rate,19
1556,Poland,1990,Neonatal mortality rate,11
1557,Portugal,1990,Neonatal mortality rate,7
1558,Qatar,1990,Neonatal mortality rate,11
1559,Republic of Korea,1990,Neonatal mortality rate,7
1560,Republic of Moldova,1990,Neonatal mortality rate,19
1561,Romania,1990,Neonatal mortality rate,16
1562,Russian Federation,1990,Neonatal mortality rate,11
1563,Rwanda,1990,Neonatal mortality rate,41
1564,Saint Kitts and Nevis,1990,Neonatal mortality rate,19
1565,Saint Lucia,1990,Neonatal mortality rate,12
1566,Saint Vincent and the Grenadines,1990,Neonatal mortality rate,13
1567,Samoa,1990,Neonatal mortality rate,13
1568,San Marino,1990,Neonatal mortality rate,7
1569,Sao Tome and Principe,1990,Neonatal mortality rate,26
1570,Saudi Arabia,1990,Neonatal mortality rate,22
1571,Senegal,1990,Neonatal mortality rate,40
1572,Serbia,1990,Neonatal mortality rate,17
1573,Seychelles,1990,Neonatal mortality rate,11
1574,Sierra Leone,1990,Neonatal mortality rate,52
1575,Singapore,1990,Neonatal mortality rate,4
1576,Slovakia,1990,Neonatal mortality rate,9
1577,Slovenia,1990,Neonatal mortality rate,6
1578,Solomon Islands,1990,Neonatal mortality rate,15
1579,Somalia,1990,Neonatal mortality rate,45
1580,South Africa,1990,Neonatal mortality rate,22
1581,South Sudan,1990,Neonatal mortality rate,64
1582,Spain,1990,Neonatal mortality rate,5
1583,Sri Lanka,1990,Neonatal mortality rate,14
1584,State of Palestine,1990,Neonatal mortality rate,23
1585,Sudan,1990,Neonatal mortality rate,43
1586,Suriname,1990,Neonatal mortality rate,21
1587,Sweden,1990,Neonatal mortality rate,4
1588,Switzerland,1990,Neonatal mortality rate,4
1589,Syrian Arab Republic,1990,Neonatal mortality rate,17
1590,Tajikistan,1990,Neonatal mortality rate,31
1591,Thailand,1990,Neonatal mortality rate,21
1592,Timor-Leste,1990,Neonatal mortality rate,57
1593,Togo,1990,Neonatal mortality rate,44
1594,Tokelau,1990,Neonatal mortality rate,0
1595,Tonga,1990,Neonatal mortality rate,10
1596,Trinidad and Tobago,1990,Neonatal mortality rate,20
1597,Tunisia,1990,Neonatal mortality rate,28
1598,Trkiye,1990,Neonatal mortality rate,32
1599,Turkmenistan,1990,Neonatal mortality rate,27
1600,Turks and Caicos Islands,1990,Neonatal mortality rate,8
1601,Tuvalu,1990,Neonatal mortality rate,28
1602,Uganda,1990,Neonatal mortality rate,40
1603,Ukraine,1990,Neonatal mortality rate,12
1604,United Arab Emirates,1990,Neonatal mortality rate,8
1605,United Kingdom,1990,Neonatal mortality rate,4
1606,United Republic of Tanzania,1990,Neonatal mortality rate,40
1607,United States,1990,Neonatal mortality rate,6
1608,Uruguay,1990,Neonatal mortality rate,12
1609,Uzbekistan,1990,Neonatal mortality rate,30
1610,Vanuatu,1990,Neonatal mortality rate,17
1611,Venezuela (Bolivarian Republic of),1990,Neonatal mortality rate,13
1612,Viet Nam,1990,Neonatal mortality rate,24
1613,Yemen,1990,Neonatal mortality rate,44
1614,Zambia,1990,Neonatal mortality rate,37
1615,Zimbabwe,1990,Neonatal mortality rate,23
1616,Afghanistan,2000,Neonatal mortality rate,61
1617,Albania,2000,Neonatal mortality rate,12
1618,Algeria,2000,Neonatal mortality rate,22
1619,Andorra,2000,Neonatal mortality rate,4
1620,Angola,2000,Neonatal mortality rate,50
1621,Anguilla,2000,Neonatal mortality rate,5
1622,Antigua and Barbuda,2000,Neonatal mortality rate,10
1623,Argentina,2000,Neonatal mortality rate,11
1624,Armenia,2000,Neonatal mortality rate,16
1625,Australia,2000,Neonatal mortality rate,4
1626,Austria,2000,Neonatal mortality rate,3
1627,Azerbaijan,2000,Neonatal mortality rate,34
1628,Bahamas,2000,Neonatal mortality rate,8
1629,Bahrain,2000,Neonatal mortality rate,5
1630,Bangladesh,2000,Neonatal mortality rate,44
1631,Barbados,2000,Neonatal mortality rate,9
1632,Belarus,2000,Neonatal mortality rate,5
1633,Belgium,2000,Neonatal mortality rate,3
1634,Belize,2000,Neonatal mortality rate,12
1635,Benin,2000,Neonatal mortality rate,39
1636,Bhutan,2000,Neonatal mortality rate,32
1637,Bolivia (Plurinational State of),2000,Neonatal mortality rate,29
1638,Bosnia and Herzegovina,2000,Neonatal mortality rate,7
1639,Botswana,2000,Neonatal mortality rate,8
1640,Brazil,2000,Neonatal mortality rate,19
1641,British Virgin Islands,2000,Neonatal mortality rate,8
1642,Brunei Darussalam,2000,Neonatal mortality rate,5
1643,Bulgaria,2000,Neonatal mortality rate,8
1644,Burkina Faso,2000,Neonatal mortality rate,41
1645,Burundi,2000,Neonatal mortality rate,37
1646,Cabo Verde,2000,Neonatal mortality rate,19
1647,Cambodia,2000,Neonatal mortality rate,35
1648,Cameroon,2000,Neonatal mortality rate,35
1649,Canada,2000,Neonatal mortality rate,4
1650,Central African Republic,2000,Neonatal mortality rate,43
1651,Chad,2000,Neonatal mortality rate,44
1652,Chile,2000,Neonatal mortality rate,6
1653,China,2000,Neonatal mortality rate,21
1654,Colombia,2000,Neonatal mortality rate,14
1655,Comoros,2000,Neonatal mortality rate,40
1656,Congo,2000,Neonatal mortality rate,30
1657,Cook Islands,2000,Neonatal mortality rate,10
1658,Costa Rica,2000,Neonatal mortality rate,8
1659,Cte d'Ivoire,2000,Neonatal mortality rate,46
1660,Croatia,2000,Neonatal mortality rate,6
1661,Cuba,2000,Neonatal mortality rate,4
1662,Cyprus,2000,Neonatal mortality rate,4
1663,Czechia,2000,Neonatal mortality rate,3
1664,Democratic People's Republic of Korea,2000,Neonatal mortality rate,27
1665,Democratic Republic of the Congo,2000,Neonatal mortality rate,39
1666,Denmark,2000,Neonatal mortality rate,3
1667,Djibouti,2000,Neonatal mortality rate,44
1668,Dominica,2000,Neonatal mortality rate,13
1669,Dominican Republic,2000,Neonatal mortality rate,23
1670,Ecuador,2000,Neonatal mortality rate,14
1671,Egypt,2000,Neonatal mortality rate,22
1672,El Salvador,2000,Neonatal mortality rate,15
1673,Equatorial Guinea,2000,Neonatal mortality rate,46
1674,Eritrea,2000,Neonatal mortality rate,27
1675,Estonia,2000,Neonatal mortality rate,5
1676,Eswatini,2000,Neonatal mortality rate,29
1677,Ethiopia,2000,Neonatal mortality rate,48
1678,Fiji,2000,Neonatal mortality rate,10
1679,Finland,2000,Neonatal mortality rate,2
1680,France,2000,Neonatal mortality rate,3
1681,Gabon,2000,Neonatal mortality rate,28
1682,Gambia,2000,Neonatal mortality rate,40
1683,Georgia,2000,Neonatal mortality rate,23
1684,Germany,2000,Neonatal mortality rate,3
1685,Ghana,2000,Neonatal mortality rate,36
1686,Greece,2000,Neonatal mortality rate,4
1687,Grenada,2000,Neonatal mortality rate,8
1688,Guatemala,2000,Neonatal mortality rate,21
1689,Guinea,2000,Neonatal mortality rate,46
1690,Guinea-Bissau,2000,Neonatal mortality rate,55
1691,Guyana,2000,Neonatal mortality rate,27
1692,Haiti,2000,Neonatal mortality rate,30
1693,Holy See,2000,Neonatal mortality rate,0
1694,Honduras,2000,Neonatal mortality rate,18
1695,Hungary,2000,Neonatal mortality rate,6
1696,Iceland,2000,Neonatal mortality rate,2
1697,India,2000,Neonatal mortality rate,45
1698,Indonesia,2000,Neonatal mortality rate,23
1699,Iran (Islamic Republic of),2000,Neonatal mortality rate,19
1700,Iraq,2000,Neonatal mortality rate,24
1701,Ireland,2000,Neonatal mortality rate,4
1702,Israel,2000,Neonatal mortality rate,4
1703,Italy,2000,Neonatal mortality rate,3
1704,Jamaica,2000,Neonatal mortality rate,17
1705,Japan,2000,Neonatal mortality rate,2
1706,Jordan,2000,Neonatal mortality rate,16
1707,Kazakhstan,2000,Neonatal mortality rate,24
1708,Kenya,2000,Neonatal mortality rate,27
1709,Kiribati,2000,Neonatal mortality rate,28
1710,Kuwait,2000,Neonatal mortality rate,7
1711,Kyrgyzstan,2000,Neonatal mortality rate,20
1712,Lao People's Democratic Republic,2000,Neonatal mortality rate,38
1713,Latvia,2000,Neonatal mortality rate,7
1714,Lebanon,2000,Neonatal mortality rate,12
1715,Lesotho,2000,Neonatal mortality rate,36
1716,Liberia,2000,Neonatal mortality rate,48
1717,Libya,2000,Neonatal mortality rate,15
1718,Liechtenstein,2000,Neonatal mortality rate,0
1719,Lithuania,2000,Neonatal mortality rate,5
1720,Luxembourg,2000,Neonatal mortality rate,2
1721,Madagascar,2000,Neonatal mortality rate,31
1722,Malawi,2000,Neonatal mortality rate,39
1723,Malaysia,2000,Neonatal mortality rate,5
1724,Maldives,2000,Neonatal mortality rate,22
1725,Mali,2000,Neonatal mortality rate,51
1726,Malta,2000,Neonatal mortality rate,5
1727,Marshall Islands,2000,Neonatal mortality rate,19
1728,Mauritania,2000,Neonatal mortality rate,39
1729,Mauritius,2000,Neonatal mortality rate,12
1730,Mexico,2000,Neonatal mortality rate,14
1731,Micronesia (Federated States of),2000,Neonatal mortality rate,20
1732,Monaco,2000,Neonatal mortality rate,3
1733,Mongolia,2000,Neonatal mortality rate,23
1734,Montenegro,2000,Neonatal mortality rate,8
1735,Montserrat,2000,Neonatal mortality rate,6
1736,Morocco,2000,Neonatal mortality rate,28
1737,Mozambique,2000,Neonatal mortality rate,47
1738,Myanmar,2000,Neonatal mortality rate,37
1739,Namibia,2000,Neonatal mortality rate,24
1740,Nauru,2000,Neonatal mortality rate,26
1741,Nepal,2000,Neonatal mortality rate,39
1742,Netherlands,2000,Neonatal mortality rate,4
1743,New Zealand,2000,Neonatal mortality rate,4
1744,Nicaragua,2000,Neonatal mortality rate,17
1745,Niger,2000,Neonatal mortality rate,44
1746,Nigeria,2000,Neonatal mortality rate,46
1747,Niue,2000,Neonatal mortality rate,17
1748,North Macedonia,2000,Neonatal mortality rate,9
1749,Norway,2000,Neonatal mortality rate,3
1750,Oman,2000,Neonatal mortality rate,7
1751,Pakistan,2000,Neonatal mortality rate,57
1752,Palau,2000,Neonatal mortality rate,15
1753,Panama,2000,Neonatal mortality rate,15
1754,Papua New Guinea,2000,Neonatal mortality rate,30
1755,Paraguay,2000,Neonatal mortality rate,18
1756,Peru,2000,Neonatal mortality rate,16
1757,Philippines,2000,Neonatal mortality rate,17
1758,Poland,2000,Neonatal mortality rate,6
1759,Portugal,2000,Neonatal mortality rate,3
1760,Qatar,2000,Neonatal mortality rate,7
1761,Republic of Korea,2000,Neonatal mortality rate,3
1762,Republic of Moldova,2000,Neonatal mortality rate,21
1763,Romania,2000,Neonatal mortality rate,10
1764,Russian Federation,2000,Neonatal mortality rate,9
1765,Rwanda,2000,Neonatal mortality rate,44
1766,Saint Kitts and Nevis,2000,Neonatal mortality rate,17
1767,Saint Lucia,2000,Neonatal mortality rate,12
1768,Saint Vincent and the Grenadines,2000,Neonatal mortality rate,13
1769,Samoa,2000,Neonatal mortality rate,9
1770,San Marino,2000,Neonatal mortality rate,3
1771,Sao Tome and Principe,2000,Neonatal mortality rate,22
1772,Saudi Arabia,2000,Neonatal mortality rate,12
1773,Senegal,2000,Neonatal mortality rate,38
1774,Serbia,2000,Neonatal mortality rate,8
1775,Seychelles,2000,Neonatal mortality rate,9
1776,Sierra Leone,2000,Neonatal mortality rate,48
1777,Singapore,2000,Neonatal mortality rate,2
1778,Slovakia,2000,Neonatal mortality rate,5
1779,Slovenia,2000,Neonatal mortality rate,3
1780,Solomon Islands,2000,Neonatal mortality rate,13
1781,Somalia,2000,Neonatal mortality rate,45
1782,South Africa,2000,Neonatal mortality rate,17
1783,South Sudan,2000,Neonatal mortality rate,56
1784,Spain,2000,Neonatal mortality rate,3
1785,Sri Lanka,2000,Neonatal mortality rate,10
1786,State of Palestine,2000,Neonatal mortality rate,17
1787,Sudan,2000,Neonatal mortality rate,37
1788,Suriname,2000,Neonatal mortality rate,17
1789,Sweden,2000,Neonatal mortality rate,2
1790,Switzerland,2000,Neonatal mortality rate,3
1791,Syrian Arab Republic,2000,Neonatal mortality rate,12
1792,Tajikistan,2000,Neonatal mortality rate,28
1793,Thailand,2000,Neonatal mortality rate,12
1794,Timor-Leste,2000,Neonatal mortality rate,39
1795,Togo,2000,Neonatal mortality rate,37
1796,Tokelau,2000,Neonatal mortality rate,0
1797,Tonga,2000,Neonatal mortality rate,7
1798,Trinidad and Tobago,2000,Neonatal mortality rate,18
1799,Tunisia,2000,Neonatal mortality rate,18
1800,Trkiye,2000,Neonatal mortality rate,19
1801,Turkmenistan,2000,Neonatal mortality rate,30
1802,Turks and Caicos Islands,2000,Neonatal mortality rate,5
1803,Tuvalu,2000,Neonatal mortality rate,24
1804,Uganda,2000,Neonatal mortality rate,33
1805,Ukraine,2000,Neonatal mortality rate,11
1806,United Arab Emirates,2000,Neonatal mortality rate,6
1807,United Kingdom,2000,Neonatal mortality rate,4
1808,United Republic of Tanzania,2000,Neonatal mortality rate,34
1809,United States,2000,Neonatal mortality rate,5
1810,Uruguay,2000,Neonatal mortality rate,8
1811,Uzbekistan,2000,Neonatal mortality rate,28
1812,Vanuatu,2000,Neonatal mortality rate,12
1813,Venezuela (Bolivarian Republic of),2000,Neonatal mortality rate,11
1814,Viet Nam,2000,Neonatal mortality rate,15
1815,Yemen,2000,Neonatal mortality rate,37
1816,Zambia,2000,Neonatal mortality rate,35
1817,Zimbabwe,2000,Neonatal mortality rate,28
